
-- buildings.buildings

INSERT INTO buildings.buildings (building_id, begin_lifespan, end_lifespan) VALUES (10001, '2017-01-01 09:00:00', NULL);
INSERT INTO buildings.buildings (building_id, begin_lifespan, end_lifespan) VALUES (10002, '2017-01-01 09:00:00', NULL);
INSERT INTO buildings.buildings (building_id, begin_lifespan, end_lifespan) VALUES (10003, '2017-01-01 09:00:00', NULL);
INSERT INTO buildings.buildings (building_id, begin_lifespan, end_lifespan) VALUES (10004, '2017-01-01 09:00:00', NULL);
INSERT INTO buildings.buildings (building_id, begin_lifespan, end_lifespan) VALUES (10005, '2017-01-01 09:00:00', NULL);
INSERT INTO buildings.buildings (building_id, begin_lifespan, end_lifespan) VALUES (10006, '2017-01-01 09:00:00', NULL);
INSERT INTO buildings.buildings (building_id, begin_lifespan, end_lifespan) VALUES (10007, '2017-01-01 09:00:00', NULL);
INSERT INTO buildings.buildings (building_id, begin_lifespan, end_lifespan) VALUES (10008, '2017-01-01 09:00:00', NULL);
INSERT INTO buildings.buildings (building_id, begin_lifespan, end_lifespan) VALUES (10009, '2017-01-01 09:00:00', NULL);
INSERT INTO buildings.buildings (building_id, begin_lifespan, end_lifespan) VALUES (10010, '2017-01-01 09:00:00', NULL);
INSERT INTO buildings.buildings (building_id, begin_lifespan, end_lifespan) VALUES (10011, '2017-01-01 09:00:00', NULL);
INSERT INTO buildings.buildings (building_id, begin_lifespan, end_lifespan) VALUES (10012, '2017-01-01 09:00:00', NULL);
INSERT INTO buildings.buildings (building_id, begin_lifespan, end_lifespan) VALUES (10013, '2017-01-01 09:00:00', NULL);
INSERT INTO buildings.buildings (building_id, begin_lifespan, end_lifespan) VALUES (10014, '2017-01-01 09:00:00', NULL);
INSERT INTO buildings.buildings (building_id, begin_lifespan, end_lifespan) VALUES (10015, '2017-01-01 09:00:00', NULL);
INSERT INTO buildings.buildings (building_id, begin_lifespan, end_lifespan) VALUES (10016, '2017-01-01 09:00:00', NULL);
INSERT INTO buildings.buildings (building_id, begin_lifespan, end_lifespan) VALUES (10017, '2017-01-01 09:00:00', NULL);
INSERT INTO buildings.buildings (building_id, begin_lifespan, end_lifespan) VALUES (10018, '2017-01-01 09:00:00', NULL);
INSERT INTO buildings.buildings (building_id, begin_lifespan, end_lifespan) VALUES (10019, '2017-01-01 09:00:00', NULL);
INSERT INTO buildings.buildings (building_id, begin_lifespan, end_lifespan) VALUES (10020, '2017-01-01 09:00:00', NULL);
INSERT INTO buildings.buildings (building_id, begin_lifespan, end_lifespan) VALUES (10021, '2017-01-01 09:00:00', NULL);
INSERT INTO buildings.buildings (building_id, begin_lifespan, end_lifespan) VALUES (10022, '2017-01-01 09:00:00', NULL);
INSERT INTO buildings.buildings (building_id, begin_lifespan, end_lifespan) VALUES (10023, '2017-01-01 09:00:00', NULL);
INSERT INTO buildings.buildings (building_id, begin_lifespan, end_lifespan) VALUES (10024, '2017-01-01 09:00:00', NULL);
INSERT INTO buildings.buildings (building_id, begin_lifespan, end_lifespan) VALUES (10025, '2017-01-01 09:00:00', NULL);
INSERT INTO buildings.buildings (building_id, begin_lifespan, end_lifespan) VALUES (10026, '2017-01-01 09:00:00', NULL);
INSERT INTO buildings.buildings (building_id, begin_lifespan, end_lifespan) VALUES (10027, '2017-01-01 09:00:00', NULL);
INSERT INTO buildings.buildings (building_id, begin_lifespan, end_lifespan) VALUES (10028, '2017-01-01 09:00:00', NULL);
INSERT INTO buildings.buildings (building_id, begin_lifespan, end_lifespan) VALUES (10029, '2017-01-01 09:00:00', NULL);
INSERT INTO buildings.buildings (building_id, begin_lifespan, end_lifespan) VALUES (10030, '2017-01-01 09:00:00', NULL);
INSERT INTO buildings.buildings (building_id, begin_lifespan, end_lifespan) VALUES (10031, '2017-01-01 09:00:00', NULL);
INSERT INTO buildings.buildings (building_id, begin_lifespan, end_lifespan) VALUES (10032, '2017-01-01 09:00:00', NULL);
INSERT INTO buildings.buildings (building_id, begin_lifespan, end_lifespan) VALUES (10033, '2017-01-01 09:00:00', NULL);
INSERT INTO buildings.buildings (building_id, begin_lifespan, end_lifespan) VALUES (10034, '2020-01-28 15:23:34.795317', NULL);

-- buildings.building_name

INSERT INTO buildings.building_name (building_name_id, building_id, building_name, begin_lifespan, end_lifespan) VALUES (20003, 10003, 'Hospital Name 1', '2017-01-01 09:00:00', NULL);
INSERT INTO buildings.building_name (building_name_id, building_id, building_name, begin_lifespan, end_lifespan) VALUES (20004, 10004, 'Hospital Name 2', '2017-01-01 09:00:00', NULL);
INSERT INTO buildings.building_name (building_name_id, building_id, building_name, begin_lifespan, end_lifespan) VALUES (20007, 10007, 'Hospital Name 3', '2017-01-01 09:00:00', NULL);
INSERT INTO buildings.building_name (building_name_id, building_id, building_name, begin_lifespan, end_lifespan) VALUES (20008, 10008, 'Hospital Name 3', '2017-01-01 09:00:00', NULL);
INSERT INTO buildings.building_name (building_name_id, building_id, building_name, begin_lifespan, end_lifespan) VALUES (20027, 10027, 'Hospital Name 4', '2017-01-01 09:00:00', NULL);
INSERT INTO buildings.building_name (building_name_id, building_id, building_name, begin_lifespan, end_lifespan) VALUES (20032, 10032, 'Hospital Name 5', '2017-01-01 09:00:00', NULL);
INSERT INTO buildings.building_name (building_name_id, building_id, building_name, begin_lifespan, end_lifespan) VALUES (20033, 10033, 'Hospital Name 5', '2017-01-01 09:00:00', NULL);

-- buildings.building_outlines

INSERT INTO buildings.building_outlines (building_outline_id, building_id, capture_method_id, capture_source_id, lifecycle_stage_id, suburb_locality_id, territorial_authority_id, begin_lifespan, end_lifespan, shape, last_modified) VALUES (1001, 10001, 5, 1001, 1, 102, 10001, '2017-01-01 09:00:00', NULL, '01030000209108000001000000050000002F9EEE1D40A83C4111B98E242131554135FAC7385AA83C416C3970282131554135FAC7385AA83C413B8099EB1B315541309EEE1D40A83C41877FD6E31B3155412F9EEE1D40A83C4111B98E2421315541', NULL);
INSERT INTO buildings.building_outlines (building_outline_id, building_id, capture_method_id, capture_source_id, lifecycle_stage_id, suburb_locality_id, territorial_authority_id, begin_lifespan, end_lifespan, shape, last_modified) VALUES (1002, 10002, 5, 1001, 1, 102, 10001, '2017-01-01 09:00:00', NULL, '01030000209108000001000000070000001A70C8616AA83C412ABBD73B21315541CBED31F185A83C41D13AF6372131554132EFB70086A83C41CBCEE9501F315541E6EF7A0886A83C41E02EC1EF1D315541E6EF7A0886A83C41B33FC7E51B3155417C6AB0236AA83C410DC0A8E91B3155411A70C8616AA83C412ABBD73B21315541', NULL);
INSERT INTO buildings.building_outlines (building_outline_id, building_id, capture_method_id, capture_source_id, lifecycle_stage_id, suburb_locality_id, territorial_authority_id, begin_lifespan, end_lifespan, shape, last_modified) VALUES (1003, 10003, 5, 1001, 1, 101, 10001, '2017-01-01 09:00:00', NULL, '010300002091080000010000000E0000007FE51DB69BA83C41336B438B203155417FE51DB69BA83C412DF8DA1A2131554162026916B3A83C410DB98E242131554115032C1EB3A83C417B63E2352031554149A9AB3CAFA83C417B63E23520315541B0AA314CAFA83C41E12EE2511F315541E205383DB3A83C41C9CEE9501F31554159886258B3A83C411AA6BB8E1D3155419C5812C0ABA83C415CC6A4911D3155419C5812C0ABA83C41FC0143C31E315541A9E76EDEA6A83C4129C233C51E3155414F678DDAA6A83C4173269D921D31554118E497A69BA83C4173269D921D3155417FE51DB69BA83C41336B438B20315541', NULL);
INSERT INTO buildings.building_outlines (building_outline_id, building_id, capture_method_id, capture_source_id, lifecycle_stage_id, suburb_locality_id, territorial_authority_id, begin_lifespan, end_lifespan, shape, last_modified) VALUES (1004, 10004, 5, 1001, 1, 101, 10001, '2017-01-01 09:00:00', NULL, '01030000209108000001000000050000005DC36E06CCA83C419A9BB14021315541E5C6C1B5D1A83C41999BB14021315541FEC80ACDD1A83C4187E4447D1D315541D1459921CCA83C415924547B1D3155415DC36E06CCA83C419A9BB14021315541', NULL);
INSERT INTO buildings.building_outlines (building_outline_id, building_id, capture_method_id, capture_source_id, lifecycle_stage_id, suburb_locality_id, territorial_authority_id, begin_lifespan, end_lifespan, shape, last_modified) VALUES (1005, 10005, 5, 1001, 1, 101, 10001, '2017-01-01 09:00:00', NULL, '010300002091080000010000000B00000056A6B8592EA93C414D01044424315541ABB8964545A93C41F380224024315541ACB8964545A93C41C96261F222315541AF0310733DA93C4123E342F622315541AF0310733DA93C41483089C320315541A70F0B0849A93C41EEAFA7BF20315541400E85F848A93C418E8D54431F315541E407A2A13DA93C41E70D36471F315541E407A2A13DA93C4125C2F1001C31554156A6B8592EA93C4117414DF51B31554156A6B8592EA93C414D01044424315541', NULL);
INSERT INTO buildings.building_outlines (building_outline_id, building_id, capture_method_id, capture_source_id, lifecycle_stage_id, suburb_locality_id, territorial_authority_id, begin_lifespan, end_lifespan, shape, last_modified) VALUES (1006, 10006, 5, 1001, 1, 102, 10001, '2017-01-01 09:00:00', NULL, '01030000209108000001000000090000006C7CBADC0CA83C4121486FCB21315541CD4560A120A83C41BA46E9BB21315541FE42548220A83C410146A22B1C3155413A7FC6FB0CA83C410FC746371C315541D37D40EC0CA83C418071DC0C1E315541ADAF5D241AA83C41CB7019051E315541ADAF5D241AA83C412420041120315541D37D40EC0CA83C4180A0E514203155416C7CBADC0CA83C4121486FCB21315541', NULL);
INSERT INTO buildings.building_outlines (building_outline_id, building_id, capture_method_id, capture_source_id, lifecycle_stage_id, suburb_locality_id, territorial_authority_id, begin_lifespan, end_lifespan, shape, last_modified) VALUES (1007, 10007, 5, 1001, 1, 102, 10001, '2017-01-01 09:00:00', NULL, '010300002091080000010000000500000030D8209A95A83C419573A19B183155412D1AC384A3A83C419373A19B18315541471C0C9CA3A83C41C3A6B8491531554130D8209A95A83C411F279A4D1531554130D8209A95A83C419573A19B18315541', NULL);
INSERT INTO buildings.building_outlines (building_outline_id, building_id, capture_method_id, capture_source_id, lifecycle_stage_id, suburb_locality_id, territorial_authority_id, begin_lifespan, end_lifespan, shape, last_modified) VALUES (1008, 10008, 5, 1001, 1, 103, 10001, '2017-01-01 09:00:00', NULL, '01030000209108000001000000050000006BE8B56EACA83C412D721B8C1831554117247D13BAA83C4179715884183155413326C62ABAA83C41FEE74D57153155416AE8B56EACA83C418428205D153155416BE8B56EACA83C412D721B8C18315541', NULL);
INSERT INTO buildings.building_outlines (building_outline_id, building_id, capture_method_id, capture_source_id, lifecycle_stage_id, suburb_locality_id, territorial_authority_id, begin_lifespan, end_lifespan, shape, last_modified) VALUES (1009, 10009, 5, 1001, 1, 102, 10001, '2017-01-01 09:00:00', NULL, '0103000020910800000100000005000000307A0E8A91A83C4140EE208C0A315541307A0E8A91A83C4108700C28103155412178CD839CA83C4161F0ED2B10315541567C5FB29CA83C4141EE208C0A315541307A0E8A91A83C4140EE208C0A315541', NULL);
INSERT INTO buildings.building_outlines (building_outline_id, building_id, capture_method_id, capture_source_id, lifecycle_stage_id, suburb_locality_id, territorial_authority_id, begin_lifespan, end_lifespan, shape, last_modified) VALUES (1010, 10010, 5, 1001, 1, 102, 10001, '2017-01-01 09:00:00', NULL, '0103000020910800000100000005000000977B949991A83C418128DE981231554159CA0443C1A83C41CD271B911231554127CD1062C1A83C415976E76D10315541307A0E8A91A83C41B1F6C87110315541977B949991A83C418128DE9812315541', NULL);
INSERT INTO buildings.building_outlines (building_outline_id, building_id, capture_method_id, capture_source_id, lifecycle_stage_id, suburb_locality_id, territorial_authority_id, begin_lifespan, end_lifespan, shape, last_modified) VALUES (1011, 10011, 5, 1001, 1, 103, 10001, '2017-01-01 09:00:00', NULL, '01030000209108000001000000050000006FDA81E4B6A83C41556F4920103155415ED1A290C1A83C41FBEE671C1031554161D840DEC1A83C410370889F0A315541D6DB07F4B6A83C415CF069A30A3155416FDA81E4B6A83C41556F492010315541', NULL);
INSERT INTO buildings.building_outlines (building_outline_id, building_id, capture_method_id, capture_source_id, lifecycle_stage_id, suburb_locality_id, territorial_authority_id, begin_lifespan, end_lifespan, shape, last_modified) VALUES (1012, 10012, 5, 1001, 1, 102, 10001, '2017-01-01 09:00:00', NULL, '01030000209108000001000000050000005475C1649CA83C41201B5DF406315541BC907EA4A8A83C416D1A9AEC06315541589696E2A8A83C41A998F01404315541A074FE5C9CA83C412FD9C21A043155415475C1649CA83C41201B5DF406315541', NULL);
INSERT INTO buildings.building_outlines (building_outline_id, building_id, capture_method_id, capture_source_id, lifecycle_stage_id, suburb_locality_id, territorial_authority_id, begin_lifespan, end_lifespan, shape, last_modified) VALUES (1013, 10013, 5, 1001, 1, 103, 10001, '2017-01-01 09:00:00', NULL, '010300002091080000010000000500000001E09111ACA83C416B1A9AEC0631554127E2E239B7A83C4199DA8AEE063155415DE67468B7A83C41D558E11604315541B5E05419ACA83C414F180F110431554101E09111ACA83C416B1A9AEC06315541', NULL);
INSERT INTO buildings.building_outlines (building_outline_id, building_id, capture_method_id, capture_source_id, lifecycle_stage_id, suburb_locality_id, territorial_authority_id, begin_lifespan, end_lifespan, shape, last_modified) VALUES (1014, 10014, 5, 1001, 1, 102, 10001, '2017-01-01 09:00:00', NULL, '01030000209108000001000000050000004F6E23179CA83C41B2485C6403315541229204B4A8A83C4166491F6C0331554189938AC3A8A83C41CB4A63B7003155416A706C2E9CA83C41164AA0AF003155414F6E23179CA83C41B2485C6403315541', NULL);
INSERT INTO buildings.building_outlines (building_outline_id, building_id, capture_method_id, capture_source_id, lifecycle_stage_id, suburb_locality_id, territorial_authority_id, begin_lifespan, end_lifespan, shape, last_modified) VALUES (1015, 10015, 5, 1001, 1, 103, 10001, '2017-01-01 09:00:00', NULL, '0103000020910800000100000005000000CFE29D30ACA83C41A08AB479033155419BF84232B8A83C41CD4AA57B033155411CFC1159B8A83C413689ECA500315541E9E4E647ACA83C410AC9FBA300315541CFE29D30ACA83C41A08AB47903315541', NULL);
INSERT INTO buildings.building_outlines (building_outline_id, building_id, capture_method_id, capture_source_id, lifecycle_stage_id, suburb_locality_id, territorial_authority_id, begin_lifespan, end_lifespan, shape, last_modified) VALUES (1016, 10016, 5, 1001, 1, 102, 10001, '2017-01-01 09:00:00', NULL, '01030000209108000001000000050000002FEDF2718BA83C417EB010D0FC30554115D6D78295A83C4124302FCCFC30554131D8209A95A83C413E9E0042F930554115EBA95A8BA83C41311D5C36F93055412FEDF2718BA83C417EB010D0FC305541', NULL);
INSERT INTO buildings.building_outlines (building_outline_id, building_id, capture_method_id, capture_source_id, lifecycle_stage_id, suburb_locality_id, territorial_authority_id, begin_lifespan, end_lifespan, shape, last_modified) VALUES (1017, 10017, 5, 1001, 1, 102, 10001, '2017-01-01 09:00:00', NULL, '0103000020910800000100000005000000E436F6B199A83C41CAAF4DC8FC305541D1FE0D56A2A83C41712F6CC4FC3055412105E99BA2A83C41C5DED247F9305541653AC5D899A83C41971EE245F9305541E436F6B199A83C41CAAF4DC8FC305541', NULL);
INSERT INTO buildings.building_outlines (building_outline_id, building_id, capture_method_id, capture_source_id, lifecycle_stage_id, suburb_locality_id, territorial_authority_id, begin_lifespan, end_lifespan, shape, last_modified) VALUES (1018, 10018, 5, 1001, 1, 103, 10001, '2017-01-01 09:00:00', NULL, '0103000020910800000100000005000000FF817F01A8A83C41446F7BC2FC3055411361BAA5B1A83C4163AEC7B8FC305541FC650FDCB1A83C411E5FB44BF930554166830511A8A83C41F19EC349F9305541FF817F01A8A83C41446F7BC2FC305541', NULL);
INSERT INTO buildings.building_outlines (building_outline_id, building_id, capture_method_id, capture_source_id, lifecycle_stage_id, suburb_locality_id, territorial_authority_id, begin_lifespan, end_lifespan, shape, last_modified) VALUES (1019, 10019, 5, 1001, 1, 103, 10001, '2017-01-01 09:00:00', NULL, '01030000209108000001000000050000001ED4A69EB6A83C4164AEC7B8FC3055418E9F8D69BFA83C4163AEC7B8FC3055417BAB80EDBFA83C414B1FA54DF930554170DA81E4B6A83C411E5FB44BF93055411ED4A69EB6A83C4164AEC7B8FC305541', NULL);
INSERT INTO buildings.building_outlines (building_outline_id, building_id, capture_method_id, capture_source_id, lifecycle_stage_id, suburb_locality_id, territorial_authority_id, begin_lifespan, end_lifespan, shape, last_modified) VALUES (1020, 10020, 5, 1001, 1, 103, 10001, '2017-01-01 09:00:00', NULL, '010300002091080000010000000500000068158681C4A83C41DD6DF5B2FC30554146F02EF7CDA83C4137EED6B6FC30554165F9155CCEA83C414B1FA54DF9305541E91855A8C4A83C414B1FA54DF930554168158681C4A83C41DD6DF5B2FC305541', NULL);
INSERT INTO buildings.building_outlines (building_outline_id, building_id, capture_method_id, capture_source_id, lifecycle_stage_id, suburb_locality_id, territorial_authority_id, begin_lifespan, end_lifespan, shape, last_modified) VALUES (1021, 10021, 5, 1001, 1, 102, 10001, '2017-01-01 09:00:00', NULL, '0103000020910800000100000006000000E6BBDD5281A83C410FD98FADEC3055414CBD636281A83C417A10BD12EF305541370BF9D08FA83C412090DB0EEF305541020767A28FA83C411E68ECCBE730554149B6C51481A83C4111E747C0E7305541E6BBDD5281A83C410FD98FADEC305541', NULL);
INSERT INTO buildings.building_outlines (building_outline_id, building_id, capture_method_id, capture_source_id, lifecycle_stage_id, suburb_locality_id, territorial_authority_id, begin_lifespan, end_lifespan, shape, last_modified) VALUES (1022, 10022, 5, 1001, 1, 102, 10001, '2017-01-01 09:00:00', NULL, '01030000209108000001000000050000004627710791A83C41C70FFA0AEF3055416EC28040B4A83C4111C80015EF305541812FBF2DB4A83C418D2B72E8EB305541782465E890A83C41D0C6C1E3EB3055414627710791A83C41C70FFA0AEF305541', NULL);
INSERT INTO buildings.building_outlines (building_outline_id, building_id, capture_method_id, capture_source_id, lifecycle_stage_id, suburb_locality_id, territorial_authority_id, begin_lifespan, end_lifespan, shape, last_modified) VALUES (1023, 10023, 5, 1001, 1, 103, 10001, '2017-01-01 09:00:00', NULL, '0103000020910800000100000005000000036A3DF0B5A83C419D7488FAEE305541A7AF674FD9A83C412E11801AEF30554174B2736ED9A83C41B3ECE386ED305541219B50DAB5A83C4119F63D62ED305541036A3DF0B5A83C419D7488FAEE305541', NULL);
INSERT INTO buildings.building_outlines (building_outline_id, building_id, capture_method_id, capture_source_id, lifecycle_stage_id, suburb_locality_id, territorial_authority_id, begin_lifespan, end_lifespan, shape, last_modified) VALUES (1024, 10024, 5, 1001, 1, 102, 10001, '2017-01-01 09:00:00', NULL, '0103000020910800000100000005000000DE25EBF790A83C411ABF608EEB305541A2CF414E98A83C41C13E7F8AEB3055416CCBAF1F98A83C4111B83EB8E5305541A92159C990A83C4110B83EB8E5305541DE25EBF790A83C411ABF608EEB305541', NULL);
INSERT INTO buildings.building_outlines (building_outline_id, building_id, capture_method_id, capture_source_id, lifecycle_stage_id, suburb_locality_id, territorial_authority_id, begin_lifespan, end_lifespan, shape, last_modified) VALUES (1025, 10025, 5, 1001, 1, 103, 10001, '2017-01-01 09:00:00', NULL, '0103000020910800000100000005000000A9FAE07CD1A83C41A264A12DED305541A6AF674FD9A83C4149E4BF29ED30554142B57F8DD9A83C416F6EC711E8305541AAFAE07CD1A83C416F6EC711E8305541A9FAE07CD1A83C41A264A12DED305541', NULL);
INSERT INTO buildings.building_outlines (building_outline_id, building_id, capture_method_id, capture_source_id, lifecycle_stage_id, suburb_locality_id, territorial_authority_id, begin_lifespan, end_lifespan, shape, last_modified) VALUES (1026, 10026, 5, 1001, 1, 103, 10001, '2017-01-01 09:00:00', NULL, '01030000209108000001000000080000007B6AB49EC4A83C41DDC70F00ED3055415B75A424D0A83C413321FBFCEC305541C7D4BED9CFA83C41A4A16248EA305541A1D26DB1C4A83C41FD21444CEA305541D4279898C4A83C414C53ACE5EB30554121D46304B6A83C41343C37E6EB30554109752A06B6A83C4162299EF8EC3055417B6AB49EC4A83C41DDC70F00ED305541', NULL);
INSERT INTO buildings.building_outlines (building_outline_id, building_id, capture_method_id, capture_source_id, lifecycle_stage_id, suburb_locality_id, territorial_authority_id, begin_lifespan, end_lifespan, shape, last_modified) VALUES (1027, 10027, 5, 1001, 1, 101, 10001, '2017-01-01 09:00:00', NULL, '0103000020910800000100000007000000E81F573A9EA83C416A5F58182B3155414B1160A8A8A83C41971F491A2B31554197109DA0A8A83C41D08849E22C3155411ABBB6FEAFA83C41FD483AE42C31554150BF482DB0A83C41CE9D9F42283155419C201A429EA83C41A1DDAE4028315541E81F573A9EA83C416A5F58182B315541', NULL);
INSERT INTO buildings.building_outlines (building_outline_id, building_id, capture_method_id, capture_source_id, lifecycle_stage_id, suburb_locality_id, territorial_authority_id, begin_lifespan, end_lifespan, shape, last_modified) VALUES (1028, 10028, 5, 1001, 1, 101, 10001, '2017-01-01 09:00:00', NULL, '0103000020910800000100000005000000E01AFAF292A83C415870661F34315541CB33BB35B5A83C41F16EE00F34315541CF3A5983B5A83C41CB73B1BD2E3155414215E2B492A83C411773EEB52E315541E01AFAF292A83C415870661F34315541', NULL);
INSERT INTO buildings.building_outlines (building_outline_id, building_id, capture_method_id, capture_source_id, lifecycle_stage_id, suburb_locality_id, territorial_authority_id, begin_lifespan, end_lifespan, shape, last_modified) VALUES (1029, 10029, 5, 1001, 1, 101, 10001, '2017-01-01 09:00:00', NULL, '01030000209108000001000000050000009753A5568AA83C41E5F7710A45315541A3EB4D27BDA83C4182FD8948453155412010EABABEA83C419EE046F938315541D25ED5D28AA83C41EBDF83F1383155419753A5568AA83C41E5F7710A45315541', NULL);
INSERT INTO buildings.building_outlines (building_outline_id, building_id, capture_method_id, capture_source_id, lifecycle_stage_id, suburb_locality_id, territorial_authority_id, begin_lifespan, end_lifespan, shape, last_modified) VALUES (1030, 10030, 5, 1001, 1, 101, 10001, '2017-01-01 09:00:00', NULL, '010300002091080000010000000C0000007B4A2B50CCA83C4149685AF554315541B5555BCCCCA83C41A354061C5431554199DD118CBCA83C416D5074ED533155415FD2E10FBCA83C412D8E7C98563155416D64ED108BA83C41C185583B56315541F396C53F8DA83C4128E093134F315541A9E7CB1AD3A83C418ADA7BD54E315541F50E74CDD4A83C41A86483BD493155412358E25969A83C413C5C5F6049315541E94CB2DD68A83C415DDB46EE59315541413FFBD3CBA83C41FAE05E2C5A3155417B4A2B50CCA83C4149685AF554315541', NULL);
INSERT INTO buildings.building_outlines (building_outline_id, building_id, capture_method_id, capture_source_id, lifecycle_stage_id, suburb_locality_id, territorial_authority_id, begin_lifespan, end_lifespan, shape, last_modified) VALUES (1031, 10031, 5, 1001, 1, 101, 10001, '2017-01-01 09:00:00', NULL, '01030000209108000001000000050000004618243924A83C4196D4B8C26F315541D08E8BC127A93C41D0DFE83E7031554145A5EBB928A93C41AEB0D72563315541802354B524A83C4173A5A7A9623155414618243924A83C4196D4B8C26F315541', NULL);
INSERT INTO buildings.building_outlines (building_outline_id, building_id, capture_method_id, capture_source_id, lifecycle_stage_id, suburb_locality_id, territorial_authority_id, begin_lifespan, end_lifespan, shape, last_modified) VALUES (1032, 10032, 5, 1001, 1, 101, 10001, '2017-01-01 09:00:00', NULL, '0103000020910800000100000005000000020B4A9AF6A83C41B6522B9354315541994B20BBF8A83C4128E9F8A24231554158D2F189B5A93C411960CEF042315541A37FC604B4A93C415CA995D053315541020B4A9AF6A83C41B6522B9354315541', NULL);
INSERT INTO buildings.building_outlines (building_outline_id, building_id, capture_method_id, capture_source_id, lifecycle_stage_id, suburb_locality_id, territorial_authority_id, begin_lifespan, end_lifespan, shape, last_modified) VALUES (1033, 10033, 5, 1001, 1, 101, 10001, '2017-01-01 09:00:00', NULL, '0103000020910800000100000005000000B9522B1575A93C417396CD1D4131554158D2F189B5A93C41A7AF2D5841315541F012C8AAB7A93C415E5B1CEA313155416EA5569A76A93C41F4285C7531315541B9522B1575A93C417396CD1D41315541', NULL);

-- buildings.building_use

INSERT INTO buildings.building_use (building_use_id, building_id, use_id, begin_lifespan, end_lifespan) VALUES (30003, 10003, '16', '2017-01-01 09:00:00', NULL);
INSERT INTO buildings.building_use (building_use_id, building_id, use_id, begin_lifespan, end_lifespan) VALUES (30004, 10004, '16', '2017-01-01 09:00:00', NULL);
INSERT INTO buildings.building_use (building_use_id, building_id, use_id, begin_lifespan, end_lifespan) VALUES (30007, 10007, '16', '2017-01-01 09:00:00', NULL);
INSERT INTO buildings.building_use (building_use_id, building_id, use_id, begin_lifespan, end_lifespan) VALUES (30008, 10008, '16', '2017-01-01 09:00:00', NULL);
INSERT INTO buildings.building_use (building_use_id, building_id, use_id, begin_lifespan, end_lifespan) VALUES (30027, 10027, '16', '2017-01-01 09:00:00', NULL);
INSERT INTO buildings.building_use (building_use_id, building_id, use_id, begin_lifespan, end_lifespan) VALUES (30032, 10032, '16', '2017-01-01 09:00:00', NULL);
INSERT INTO buildings.building_use (building_use_id, building_id, use_id, begin_lifespan, end_lifespan) VALUES (30033, 10033, '16', '2017-01-01 09:00:00', NULL);

-- buildings.lifecycle

-- facilities.facilities

INSERT INTO facilities.facilities (facility_id, source_facility_id, name, source_name, use, use_type, use_subtype, estimated_occupancy, last_modified, internal, internal_comments, shape) VALUES (1, '1-F00001-A', 'Hospital Name 10', 'Hospital Name 10', 'Hospital', 'Public Hospital', 'Surgical, Medical', 100, '2017-01-01 09:00:00', false, NULL, '01060000209108000001000000010300000001000000050000009E779831FAA73C41CE1C6B212B31554179F2BF6DFAA73C412E6E14C223315541AE2C08DB1AA83C41778F0AB323315541F736B9621AA83C413BDA7E3F2B3155419E779831FAA73C41CE1C6B212B315541');
INSERT INTO facilities.facilities (facility_id, source_facility_id, name, source_name, use, use_type, use_subtype, estimated_occupancy, last_modified, internal, internal_comments, shape) VALUES (2, '1-F00002-A', 'Hospital Name 11', 'Hospital Name 11', 'Hospital', 'Private Hospital', 'Surgical, Mental', 101, '2017-01-01 09:00:00', false, NULL, '01060000209108000001000000010300000001000000050000008C3AEACDC3A83C412A54C7DE27315541D4A0AFFAC4A83C41449EC7711C315541DF2185DDEDA83C411F02AA441C3155410579D3CEECA83C41188638C8273155418C3AEACDC3A83C412A54C7DE27315541');

-- facilities_lds.nz_facilities

INSERT INTO facilities_lds.nz_facilities (facility_id, source_facility_id, name, source_name, use, use_type, use_subtype, estimated_occupancy, last_modified, shape) VALUES (1, '1-F00001-A', 'Hospital Name 10', 'Hospital Name 10', 'Hospital', 'Public Hospital', 'Surgical, Medical', 100, '2017-01-01 09:00:00', '01060000209108000001000000010300000001000000050000009E779831FAA73C41CE1C6B212B31554179F2BF6DFAA73C412E6E14C223315541AE2C08DB1AA83C41778F0AB323315541F736B9621AA83C413BDA7E3F2B3155419E779831FAA73C41CE1C6B212B315541');
INSERT INTO facilities_lds.nz_facilities (facility_id, source_facility_id, name, source_name, use, use_type, use_subtype, estimated_occupancy, last_modified, shape) VALUES (2, '1-F00002-A', 'Hospital Name 11', 'Hospital Name 11', 'Hospital', 'Private Hospital', 'Surgical, Mental', 101, '2017-01-01 09:00:00', '01060000209108000001000000010300000001000000050000008C3AEACDC3A83C412A54C7DE27315541D4A0AFFAC4A83C41449EC7711C315541DF2185DDEDA83C411F02AA441C3155410579D3CEECA83C41188638C8273155418C3AEACDC3A83C412A54C7DE27315541');