
-- buildings.buildings

INSERT INTO buildings.buildings (building_id, begin_lifespan, end_lifespan) VALUES (10001, '2017-01-01 09:00:00', NULL);
INSERT INTO buildings.buildings (building_id, begin_lifespan, end_lifespan) VALUES (10002, '2017-01-01 09:00:00', NULL);
INSERT INTO buildings.buildings (building_id, begin_lifespan, end_lifespan) VALUES (10003, '2017-01-01 09:00:00', NULL);
INSERT INTO buildings.buildings (building_id, begin_lifespan, end_lifespan) VALUES (10005, '2017-01-01 09:00:00', NULL);
INSERT INTO buildings.buildings (building_id, begin_lifespan, end_lifespan) VALUES (10004, '2017-01-01 09:00:00', '2019-05-30 14:50:00.066082');
INSERT INTO buildings.buildings (building_id, begin_lifespan, end_lifespan) VALUES (10006, '2017-01-01 09:00:00', '2019-05-30 14:50:00.066082');
INSERT INTO buildings.buildings (building_id, begin_lifespan, end_lifespan) VALUES (1000000, '2019-05-30 14:50:00.066082', NULL);
INSERT INTO buildings.buildings (building_id, begin_lifespan, end_lifespan) VALUES (1000001, '2019-05-30 14:50:00.066082', NULL);
INSERT INTO buildings.buildings (building_id, begin_lifespan, end_lifespan) VALUES (1000002, '2019-05-30 14:50:00.066082', NULL);
INSERT INTO buildings.buildings (building_id, begin_lifespan, end_lifespan) VALUES (18001, '2018-02-02 09:00:00', NULL);
INSERT INTO buildings.buildings (building_id, begin_lifespan, end_lifespan) VALUES (18002, '2018-02-02 09:00:00', NULL);
INSERT INTO buildings.buildings (building_id, begin_lifespan, end_lifespan) VALUES (1000003, '2019-05-30 14:50:00.066082', NULL);
INSERT INTO buildings.buildings (building_id, begin_lifespan, end_lifespan) VALUES (10032, '2017-01-01 09:00:00', '2019-05-30 14:50:00.066082');
INSERT INTO buildings.buildings (building_id, begin_lifespan, end_lifespan) VALUES (10033, '2017-01-01 09:00:00', '2019-05-30 14:50:00.066082');
INSERT INTO buildings.buildings (building_id, begin_lifespan, end_lifespan) VALUES (1000004, '2019-05-30 14:50:00.066082', NULL);
INSERT INTO buildings.buildings (building_id, begin_lifespan, end_lifespan) VALUES (18003, '2018-02-02 09:00:00', NULL);
INSERT INTO buildings.buildings (building_id, begin_lifespan, end_lifespan) VALUES (1000005, '2019-05-30 14:50:00.066082', NULL);
INSERT INTO buildings.buildings (building_id, begin_lifespan, end_lifespan) VALUES (18004, '2018-02-02 09:00:00', NULL);
INSERT INTO buildings.buildings (building_id, begin_lifespan, end_lifespan) VALUES (1000006, '2019-05-30 14:50:00.066082', NULL);
INSERT INTO buildings.buildings (building_id, begin_lifespan, end_lifespan) VALUES (18005, '2018-02-02 09:00:00', NULL);
INSERT INTO buildings.buildings (building_id, begin_lifespan, end_lifespan) VALUES (1000007, '2019-05-30 14:50:00.066082', NULL);
INSERT INTO buildings.buildings (building_id, begin_lifespan, end_lifespan) VALUES (18006, '2018-02-02 09:00:00', NULL);
INSERT INTO buildings.buildings (building_id, begin_lifespan, end_lifespan) VALUES (1000008, '2019-05-30 14:50:00.066082', NULL);
INSERT INTO buildings.buildings (building_id, begin_lifespan, end_lifespan) VALUES (1000009, '2019-05-30 14:50:00.066082', NULL);
INSERT INTO buildings.buildings (building_id, begin_lifespan, end_lifespan) VALUES (10031, '2017-01-01 09:00:00', '2019-05-30 14:50:00.066082');
INSERT INTO buildings.buildings (building_id, begin_lifespan, end_lifespan) VALUES (1000010, '2019-05-30 14:50:00.066082', NULL);
INSERT INTO buildings.buildings (building_id, begin_lifespan, end_lifespan) VALUES (1000011, '2019-05-30 14:50:00.066082', NULL);
INSERT INTO buildings.buildings (building_id, begin_lifespan, end_lifespan) VALUES (1000012, '2019-05-30 14:50:00.066082', NULL);
INSERT INTO buildings.buildings (building_id, begin_lifespan, end_lifespan) VALUES (1000013, '2019-05-30 14:50:00.066082', NULL);
INSERT INTO buildings.buildings (building_id, begin_lifespan, end_lifespan) VALUES (1000014, '2019-05-30 14:50:00.066082', NULL);
INSERT INTO buildings.buildings (building_id, begin_lifespan, end_lifespan) VALUES (10030, '2017-01-01 09:00:00', '2019-05-30 14:50:00.066082');
INSERT INTO buildings.buildings (building_id, begin_lifespan, end_lifespan) VALUES (1000015, '2019-05-30 14:50:00.066082', NULL);
INSERT INTO buildings.buildings (building_id, begin_lifespan, end_lifespan) VALUES (1000016, '2019-05-30 14:50:00.066082', NULL);
INSERT INTO buildings.buildings (building_id, begin_lifespan, end_lifespan) VALUES (1000017, '2019-05-30 14:50:00.066082', NULL);
INSERT INTO buildings.buildings (building_id, begin_lifespan, end_lifespan) VALUES (1000018, '2019-05-30 14:50:00.066082', NULL);
INSERT INTO buildings.buildings (building_id, begin_lifespan, end_lifespan) VALUES (10029, '2017-01-01 09:00:00', '2019-05-30 14:50:00.066082');
INSERT INTO buildings.buildings (building_id, begin_lifespan, end_lifespan) VALUES (1000019, '2019-05-30 14:50:00.066082', NULL);
INSERT INTO buildings.buildings (building_id, begin_lifespan, end_lifespan) VALUES (1000020, '2019-05-30 14:50:00.066082', NULL);
INSERT INTO buildings.buildings (building_id, begin_lifespan, end_lifespan) VALUES (1000021, '2019-05-30 14:50:00.066082', NULL);
INSERT INTO buildings.buildings (building_id, begin_lifespan, end_lifespan) VALUES (10028, '2017-01-01 09:00:00', '2019-05-30 14:50:00.066082');
INSERT INTO buildings.buildings (building_id, begin_lifespan, end_lifespan) VALUES (1000022, '2019-05-30 14:50:00.066082', NULL);
INSERT INTO buildings.buildings (building_id, begin_lifespan, end_lifespan) VALUES (1000023, '2019-05-30 14:50:00.066082', NULL);
INSERT INTO buildings.buildings (building_id, begin_lifespan, end_lifespan) VALUES (10027, '2017-01-01 09:00:00', '2019-05-30 14:50:00.066082');
INSERT INTO buildings.buildings (building_id, begin_lifespan, end_lifespan) VALUES (1000024, '2019-05-30 14:50:00.066082', NULL);
INSERT INTO buildings.buildings (building_id, begin_lifespan, end_lifespan) VALUES (10021, '2017-01-01 09:00:00', '2019-05-30 14:50:00.066082');
INSERT INTO buildings.buildings (building_id, begin_lifespan, end_lifespan) VALUES (10022, '2017-01-01 09:00:00', '2019-05-30 14:50:00.066082');
INSERT INTO buildings.buildings (building_id, begin_lifespan, end_lifespan) VALUES (10023, '2017-01-01 09:00:00', '2019-05-30 14:50:00.066082');
INSERT INTO buildings.buildings (building_id, begin_lifespan, end_lifespan) VALUES (10024, '2017-01-01 09:00:00', '2019-05-30 14:50:00.066082');
INSERT INTO buildings.buildings (building_id, begin_lifespan, end_lifespan) VALUES (10025, '2017-01-01 09:00:00', '2019-05-30 14:50:00.066082');
INSERT INTO buildings.buildings (building_id, begin_lifespan, end_lifespan) VALUES (10026, '2017-01-01 09:00:00', '2019-05-30 14:50:00.066082');
INSERT INTO buildings.buildings (building_id, begin_lifespan, end_lifespan) VALUES (1000025, '2019-05-30 14:50:00.066082', NULL);
INSERT INTO buildings.buildings (building_id, begin_lifespan, end_lifespan) VALUES (10016, '2017-01-01 09:00:00', '2019-05-30 14:50:00.066082');
INSERT INTO buildings.buildings (building_id, begin_lifespan, end_lifespan) VALUES (10017, '2017-01-01 09:00:00', '2019-05-30 14:50:00.066082');
INSERT INTO buildings.buildings (building_id, begin_lifespan, end_lifespan) VALUES (10018, '2017-01-01 09:00:00', '2019-05-30 14:50:00.066082');
INSERT INTO buildings.buildings (building_id, begin_lifespan, end_lifespan) VALUES (10019, '2017-01-01 09:00:00', '2019-05-30 14:50:00.066082');
INSERT INTO buildings.buildings (building_id, begin_lifespan, end_lifespan) VALUES (10020, '2017-01-01 09:00:00', '2019-05-30 14:50:00.066082');
INSERT INTO buildings.buildings (building_id, begin_lifespan, end_lifespan) VALUES (1000026, '2019-05-30 14:50:00.066082', NULL);
INSERT INTO buildings.buildings (building_id, begin_lifespan, end_lifespan) VALUES (10012, '2017-01-01 09:00:00', '2019-05-30 14:50:00.066082');
INSERT INTO buildings.buildings (building_id, begin_lifespan, end_lifespan) VALUES (10013, '2017-01-01 09:00:00', '2019-05-30 14:50:00.066082');
INSERT INTO buildings.buildings (building_id, begin_lifespan, end_lifespan) VALUES (10014, '2017-01-01 09:00:00', '2019-05-30 14:50:00.066082');
INSERT INTO buildings.buildings (building_id, begin_lifespan, end_lifespan) VALUES (10015, '2017-01-01 09:00:00', '2019-05-30 14:50:00.066082');
INSERT INTO buildings.buildings (building_id, begin_lifespan, end_lifespan) VALUES (1000027, '2019-05-30 14:50:00.066082', NULL);
INSERT INTO buildings.buildings (building_id, begin_lifespan, end_lifespan) VALUES (10009, '2017-01-01 09:00:00', '2019-05-30 14:50:00.066082');
INSERT INTO buildings.buildings (building_id, begin_lifespan, end_lifespan) VALUES (10010, '2017-01-01 09:00:00', '2019-05-30 14:50:00.066082');
INSERT INTO buildings.buildings (building_id, begin_lifespan, end_lifespan) VALUES (10011, '2017-01-01 09:00:00', '2019-05-30 14:50:00.066082');
INSERT INTO buildings.buildings (building_id, begin_lifespan, end_lifespan) VALUES (1000028, '2019-05-30 14:50:00.066082', NULL);
INSERT INTO buildings.buildings (building_id, begin_lifespan, end_lifespan) VALUES (10007, '2017-01-01 09:00:00', '2019-05-30 14:50:00.066082');
INSERT INTO buildings.buildings (building_id, begin_lifespan, end_lifespan) VALUES (10008, '2017-01-01 09:00:00', '2019-05-30 14:50:00.066082');
INSERT INTO buildings.buildings (building_id, begin_lifespan, end_lifespan) VALUES (10034, '2018-01-01 09:00:00', NULL);
INSERT INTO buildings.buildings (building_id, begin_lifespan, end_lifespan) VALUES (10035, '2018-01-01 09:00:00', NULL);
INSERT INTO buildings.buildings (building_id, begin_lifespan, end_lifespan) VALUES (10036, '2018-01-01 09:00:00', NULL);
INSERT INTO buildings.buildings (building_id, begin_lifespan, end_lifespan) VALUES (10037, '2018-01-01 09:00:00', NULL);
INSERT INTO buildings.buildings (building_id, begin_lifespan, end_lifespan) VALUES (1000029, '2019-05-30 14:50:01.23522', NULL);
INSERT INTO buildings.buildings (building_id, begin_lifespan, end_lifespan) VALUES (10038, '2018-02-02 09:00:00', NULL);
INSERT INTO buildings.buildings (building_id, begin_lifespan, end_lifespan) VALUES (10039, '2018-02-02 09:00:00', NULL);
INSERT INTO buildings.buildings (building_id, begin_lifespan, end_lifespan) VALUES (10040, '2018-02-02 09:00:00', NULL);
INSERT INTO buildings.buildings (building_id, begin_lifespan, end_lifespan) VALUES (10041, '2018-02-02 09:00:00', NULL);
INSERT INTO buildings.buildings (building_id, begin_lifespan, end_lifespan) VALUES (10042, '2018-02-02 09:00:00', NULL);
INSERT INTO buildings.buildings (building_id, begin_lifespan, end_lifespan) VALUES (10043, '2018-02-02 09:00:00', NULL);
INSERT INTO buildings.buildings (building_id, begin_lifespan, end_lifespan) VALUES (10044, '2018-02-02 09:00:00', NULL);
INSERT INTO buildings.buildings (building_id, begin_lifespan, end_lifespan) VALUES (10045, '2018-02-02 09:00:00', NULL);
INSERT INTO buildings.buildings (building_id, begin_lifespan, end_lifespan) VALUES (10046, '2018-02-02 09:00:00', NULL);
INSERT INTO buildings.buildings (building_id, begin_lifespan, end_lifespan) VALUES (10047, '2018-02-02 09:00:00', NULL);
INSERT INTO buildings.buildings (building_id, begin_lifespan, end_lifespan) VALUES (10048, '2018-02-02 09:00:00', NULL);
INSERT INTO buildings.buildings (building_id, begin_lifespan, end_lifespan) VALUES (10049, '2018-02-02 09:00:00', NULL);
INSERT INTO buildings.buildings (building_id, begin_lifespan, end_lifespan) VALUES (10050, '2018-02-02 09:00:00', NULL);
INSERT INTO buildings.buildings (building_id, begin_lifespan, end_lifespan) VALUES (10051, '2018-02-02 09:00:00', NULL);
INSERT INTO buildings.buildings (building_id, begin_lifespan, end_lifespan) VALUES (10052, '2018-02-02 09:00:00', NULL);
INSERT INTO buildings.buildings (building_id, begin_lifespan, end_lifespan) VALUES (10053, '2018-02-02 09:00:00', NULL);
INSERT INTO buildings.buildings (building_id, begin_lifespan, end_lifespan) VALUES (10054, '2018-02-02 09:00:00', NULL);
INSERT INTO buildings.buildings (building_id, begin_lifespan, end_lifespan) VALUES (10055, '2018-02-02 09:00:00', NULL);
INSERT INTO buildings.buildings (building_id, begin_lifespan, end_lifespan) VALUES (10056, '2018-02-02 09:00:00', NULL);
INSERT INTO buildings.buildings (building_id, begin_lifespan, end_lifespan) VALUES (10057, '2018-02-02 09:00:00', NULL);
INSERT INTO buildings.buildings (building_id, begin_lifespan, end_lifespan) VALUES (10058, '2018-02-02 09:00:00', NULL);
INSERT INTO buildings.buildings (building_id, begin_lifespan, end_lifespan) VALUES (10059, '2018-02-02 09:00:00', NULL);
INSERT INTO buildings.buildings (building_id, begin_lifespan, end_lifespan) VALUES (10060, '2018-02-02 09:00:00', NULL);
INSERT INTO buildings.buildings (building_id, begin_lifespan, end_lifespan) VALUES (10061, '2018-02-02 09:00:00', NULL);
INSERT INTO buildings.buildings (building_id, begin_lifespan, end_lifespan) VALUES (10062, '2018-02-02 09:00:00', NULL);
INSERT INTO buildings.buildings (building_id, begin_lifespan, end_lifespan) VALUES (10063, '2018-02-02 09:00:00', NULL);
INSERT INTO buildings.buildings (building_id, begin_lifespan, end_lifespan) VALUES (10064, '2018-02-02 09:00:00', NULL);
INSERT INTO buildings.buildings (building_id, begin_lifespan, end_lifespan) VALUES (10065, '2018-02-02 09:00:00', NULL);
INSERT INTO buildings.buildings (building_id, begin_lifespan, end_lifespan) VALUES (10066, '2018-02-02 09:00:00', NULL);
INSERT INTO buildings.buildings (building_id, begin_lifespan, end_lifespan) VALUES (10067, '2018-02-02 09:00:00', NULL);
INSERT INTO buildings.buildings (building_id, begin_lifespan, end_lifespan) VALUES (10068, '2018-02-02 09:00:00', NULL);
INSERT INTO buildings.buildings (building_id, begin_lifespan, end_lifespan) VALUES (10069, '2018-02-02 09:00:00', NULL);
INSERT INTO buildings.buildings (building_id, begin_lifespan, end_lifespan) VALUES (10070, '2018-02-02 09:00:00', NULL);
INSERT INTO buildings.buildings (building_id, begin_lifespan, end_lifespan) VALUES (10071, '2018-02-02 09:00:00', NULL);
INSERT INTO buildings.buildings (building_id, begin_lifespan, end_lifespan) VALUES (10072, '2018-02-02 09:00:00', NULL);
INSERT INTO buildings.buildings (building_id, begin_lifespan, end_lifespan) VALUES (10073, '2018-02-02 09:00:00', NULL);
INSERT INTO buildings.buildings (building_id, begin_lifespan, end_lifespan) VALUES (10074, '2018-02-02 09:00:00', NULL);
INSERT INTO buildings.buildings (building_id, begin_lifespan, end_lifespan) VALUES (10075, '2018-02-02 09:00:00', NULL);
INSERT INTO buildings.buildings (building_id, begin_lifespan, end_lifespan) VALUES (10076, '2018-02-02 09:00:00', NULL);
INSERT INTO buildings.buildings (building_id, begin_lifespan, end_lifespan) VALUES (10077, '2018-02-02 09:00:00', NULL);
INSERT INTO buildings.buildings (building_id, begin_lifespan, end_lifespan) VALUES (10078, '2018-02-02 09:00:00', NULL);
INSERT INTO buildings.buildings (building_id, begin_lifespan, end_lifespan) VALUES (10079, '2018-02-02 09:00:00', NULL);
INSERT INTO buildings.buildings (building_id, begin_lifespan, end_lifespan) VALUES (10080, '2018-02-02 09:00:00', NULL);
INSERT INTO buildings.buildings (building_id, begin_lifespan, end_lifespan) VALUES (10081, '2018-02-02 09:00:00', NULL);
INSERT INTO buildings.buildings (building_id, begin_lifespan, end_lifespan) VALUES (10082, '2018-02-02 09:00:00', NULL);
INSERT INTO buildings.buildings (building_id, begin_lifespan, end_lifespan) VALUES (10083, '2018-02-02 09:00:00', NULL);

-- buildings.building_name


-- buildings.building_outlines

INSERT INTO buildings.building_outlines (building_outline_id, building_id, capture_method_id, capture_source_id, lifecycle_stage_id, suburb_locality_id, town_city_id, territorial_authority_id, begin_lifespan, end_lifespan, shape, last_modified) VALUES (1004, 10004, 5, 1001, 1, 101, 1001, 10001, '2017-01-01 09:00:00', '2019-05-30 14:50:00.066082', '01030000209108000001000000050000005DC36E06CCA83C419A9BB14021315541E5C6C1B5D1A83C41999BB14021315541FEC80ACDD1A83C4187E4447D1D315541D1459921CCA83C415924547B1D3155415DC36E06CCA83C419A9BB14021315541', NULL);
INSERT INTO buildings.building_outlines (building_outline_id, building_id, capture_method_id, capture_source_id, lifecycle_stage_id, suburb_locality_id, town_city_id, territorial_authority_id, begin_lifespan, end_lifespan, shape, last_modified) VALUES (1006, 10006, 5, 1001, 1, 102, 1001, 10001, '2017-01-01 09:00:00', '2019-05-30 14:50:00.066082', '01030000209108000001000000090000006C7CBADC0CA83C4121486FCB21315541CD4560A120A83C41BA46E9BB21315541FE42548220A83C410146A22B1C3155413A7FC6FB0CA83C410FC746371C315541D37D40EC0CA83C418071DC0C1E315541ADAF5D241AA83C41CB7019051E315541ADAF5D241AA83C412420041120315541D37D40EC0CA83C4180A0E514203155416C7CBADC0CA83C4121486FCB21315541', NULL);
INSERT INTO buildings.building_outlines (building_outline_id, building_id, capture_method_id, capture_source_id, lifecycle_stage_id, suburb_locality_id, town_city_id, territorial_authority_id, begin_lifespan, end_lifespan, shape, last_modified) VALUES (1000000, 1000000, 5, 1001, 1, 101, 1001, 10001, '2019-05-30 14:50:00.066082', NULL, '01030000209108000001000000070000009301B41E0DA83C415FB6485229315541A6C4768C15A83C415FB64852293155413EC3F07C15A83C41E26941042631554127E7D11922A83C4189E95F00263155418EE8572922A83C4154BD6217243155415DFD21F00CA83C4107BE251F243155419301B41E0DA83C415FB6485229315541', '2019-06-11 15:15:17.497342');
INSERT INTO buildings.building_outlines (building_outline_id, building_id, capture_method_id, capture_source_id, lifecycle_stage_id, suburb_locality_id, town_city_id, territorial_authority_id, begin_lifespan, end_lifespan, shape, last_modified) VALUES (1000001, 1000001, 5, 1001, 1, 101, 1001, 10001, '2019-05-30 14:50:00.066082', NULL, '0103000020910800000100000005000000772E37A2D0A83C41C57C6FAF2231554142E46BBAD7A83C4110DE7BAD22315541F7D1B2B2D7A83C410DB2F0D620315541B5ACCF8ED0A83C416632D2DA20315541772E37A2D0A83C41C57C6FAF22315541', NULL);
INSERT INTO buildings.building_outlines (building_outline_id, building_id, capture_method_id, capture_source_id, lifecycle_stage_id, suburb_locality_id, town_city_id, territorial_authority_id, begin_lifespan, end_lifespan, shape, last_modified) VALUES (1000002, 10001, 5, 1001, 1, 102, 1001, 10001, '2019-05-30 14:50:00.066082', NULL, '01030000209108000001000000050000002F9EEE1D40A83C4111B98E242131554135FAC7385AA83C416C3970282131554135FAC7385AA83C413B8099EB1B315541309EEE1D40A83C41877FD6E31B3155412F9EEE1D40A83C4111B98E2421315541', NULL);
INSERT INTO buildings.building_outlines (building_outline_id, building_id, capture_method_id, capture_source_id, lifecycle_stage_id, suburb_locality_id, town_city_id, territorial_authority_id, begin_lifespan, end_lifespan, shape, last_modified) VALUES (1001, 10001, 5, 1001, 1, 102, 1001, 10001, '2017-01-01 09:00:00', '2019-05-30 14:50:00.066082', '01030000209108000001000000050000002F9EEE1D40A83C4111B98E242131554135FAC7385AA83C416C3970282131554135FAC7385AA83C413B8099EB1B315541309EEE1D40A83C41877FD6E31B3155412F9EEE1D40A83C4111B98E2421315541', NULL);
INSERT INTO buildings.building_outlines (building_outline_id, building_id, capture_method_id, capture_source_id, lifecycle_stage_id, suburb_locality_id, town_city_id, territorial_authority_id, begin_lifespan, end_lifespan, shape, last_modified) VALUES (1000003, 10005, 5, 1001, 1, 101, 1001, 10001, '2019-05-30 14:50:00.066082', NULL, '01030000209108000001000000050000003897AF1E28A93C415A5857A426315541C8139BAF4EA93C415A5857A4263155416519B3ED4EA93C4170844C7C1D3155413897AF1E28A93C413F87589B1D3155413897AF1E28A93C415A5857A426315541', NULL);
INSERT INTO buildings.building_outlines (building_outline_id, building_id, capture_method_id, capture_source_id, lifecycle_stage_id, suburb_locality_id, town_city_id, territorial_authority_id, begin_lifespan, end_lifespan, shape, last_modified) VALUES (1005, 10005, 5, 1001, 1, 101, 1001, 10001, '2017-01-01 09:00:00', '2019-05-30 14:50:00.066082', '010300002091080000010000000B00000056A6B8592EA93C414D01044424315541ABB8964545A93C41F380224024315541ACB8964545A93C41C96261F222315541AF0310733DA93C4123E342F622315541AF0310733DA93C41483089C320315541A70F0B0849A93C41EEAFA7BF20315541400E85F848A93C418E8D54431F315541E407A2A13DA93C41E70D36471F315541E407A2A13DA93C4125C2F1001C31554156A6B8592EA93C4117414DF51B31554156A6B8592EA93C414D01044424315541', NULL);
INSERT INTO buildings.building_outlines (building_outline_id, building_id, capture_method_id, capture_source_id, lifecycle_stage_id, suburb_locality_id, town_city_id, territorial_authority_id, begin_lifespan, end_lifespan, shape, last_modified) VALUES (1000004, 10003, 5, 1001, 1, 101, 1001, 10001, '2019-05-30 14:50:00.066082', NULL, '01030000209108000001000000080000001489153E9DA83C416624D80323315541AE878F2E9DA83C4127CEAAD124315541A1416B37A5A83C41DACE6DD92431554170447756A5A83C414787BBC1213155416F6303BDB1A83C41FB877EC9213155413D660FDCB1A83C41366B438B20315541628852369DA83C41AF2A7185203155411489153E9DA83C416624D80323315541', NULL);
INSERT INTO buildings.building_outlines (building_outline_id, building_id, capture_method_id, capture_source_id, lifecycle_stage_id, suburb_locality_id, town_city_id, territorial_authority_id, begin_lifespan, end_lifespan, shape, last_modified) VALUES (1003, 10003, 5, 1001, 1, 101, 1001, 10001, '2017-01-01 09:00:00', '2019-05-30 14:50:00.066082', '010300002091080000010000000E0000007FE51DB69BA83C41336B438B203155417FE51DB69BA83C412DF8DA1A2131554162026916B3A83C410DB98E242131554115032C1EB3A83C417B63E2352031554149A9AB3CAFA83C417B63E23520315541B0AA314CAFA83C41E12EE2511F315541E205383DB3A83C41C9CEE9501F31554159886258B3A83C411AA6BB8E1D3155419C5812C0ABA83C415CC6A4911D3155419C5812C0ABA83C41FC0143C31E315541A9E76EDEA6A83C4129C233C51E3155414F678DDAA6A83C4173269D921D31554118E497A69BA83C4173269D921D3155417FE51DB69BA83C41336B438B20315541', NULL);
INSERT INTO buildings.building_outlines (building_outline_id, building_id, capture_method_id, capture_source_id, lifecycle_stage_id, suburb_locality_id, town_city_id, territorial_authority_id, begin_lifespan, end_lifespan, shape, last_modified) VALUES (1000005, 10002, 5, 1001, 1, 102, 1001, 10001, '2019-05-30 14:50:00.066082', NULL, '0103000020910800000100000005000000FB0DA8AB6BA83C4167030B97213155413A8A8B2B87A83C4167030B9721315541558CD44287A83C41D248AE4A1C315541C609167D6BA83C41FF089F4C1C315541FB0DA8AB6BA83C4167030B9721315541', NULL);
INSERT INTO buildings.building_outlines (building_outline_id, building_id, capture_method_id, capture_source_id, lifecycle_stage_id, suburb_locality_id, town_city_id, territorial_authority_id, begin_lifespan, end_lifespan, shape, last_modified) VALUES (1002, 10002, 5, 1001, 1, 102, 1001, 10001, '2017-01-01 09:00:00', '2019-05-30 14:50:00.066082', '01030000209108000001000000070000001A70C8616AA83C412ABBD73B21315541CBED31F185A83C41D13AF6372131554132EFB70086A83C41CBCEE9501F315541E6EF7A0886A83C41E02EC1EF1D315541E6EF7A0886A83C41B33FC7E51B3155417C6AB0236AA83C410DC0A8E91B3155411A70C8616AA83C412ABBD73B21315541', NULL);
INSERT INTO buildings.building_outlines (building_outline_id, building_id, capture_method_id, capture_source_id, lifecycle_stage_id, suburb_locality_id, town_city_id, territorial_authority_id, begin_lifespan, end_lifespan, shape, last_modified) VALUES (1000006, 1000002, 5, 1001, 1, 101, 1001, 10001, '2019-05-30 14:50:00.066082', NULL, '01030000209108000001000000050000006CBF296F71A93C41DB6FCA85523155419D2603DC7AA93C411B2C2893343155410C3FF0E3B1A93C415FCEB27F3431554192106F27AFA93C411F125572523155416CBF296F71A93C41DB6FCA8552315541', NULL);
INSERT INTO buildings.building_outlines (building_outline_id, building_id, capture_method_id, capture_source_id, lifecycle_stage_id, suburb_locality_id, town_city_id, territorial_authority_id, begin_lifespan, end_lifespan, shape, last_modified) VALUES (1000007, 1000003, 5, 1001, 1, 101, 1001, 10001, '2019-05-30 14:50:00.066082', NULL, '0103000020910800000100000005000000137AA177FBA83C4179BBEA34533155418CA82234FEA83C4121DEAE14443155418B106F574CA93C41ECC44EDA43315541E5466E844AA93C41E3EDAAA953315541137AA177FBA83C4179BBEA3453315541', NULL);
INSERT INTO buildings.building_outlines (building_outline_id, building_id, capture_method_id, capture_source_id, lifecycle_stage_id, suburb_locality_id, town_city_id, territorial_authority_id, begin_lifespan, end_lifespan, shape, last_modified) VALUES (1032, 10032, 5, 1001, 1, 101, 1001, 10001, '2017-01-01 09:00:00', '2019-05-30 14:50:00.066082', '0103000020910800000100000005000000020B4A9AF6A83C41B6522B9354315541994B20BBF8A83C4128E9F8A24231554158D2F189B5A93C411960CEF042315541A37FC604B4A93C415CA995D053315541020B4A9AF6A83C41B6522B9354315541', NULL);
INSERT INTO buildings.building_outlines (building_outline_id, building_id, capture_method_id, capture_source_id, lifecycle_stage_id, suburb_locality_id, town_city_id, territorial_authority_id, begin_lifespan, end_lifespan, shape, last_modified) VALUES (1033, 10033, 5, 1001, 1, 101, 1001, 10001, '2017-01-01 09:00:00', '2019-05-30 14:50:00.066082', '0103000020910800000100000005000000B9522B1575A93C417396CD1D4131554158D2F189B5A93C41A7AF2D5841315541F012C8AAB7A93C415E5B1CEA313155416EA5569A76A93C41F4285C7531315541B9522B1575A93C417396CD1D41315541', NULL);
INSERT INTO buildings.building_outlines (building_outline_id, building_id, capture_method_id, capture_source_id, lifecycle_stage_id, suburb_locality_id, town_city_id, territorial_authority_id, begin_lifespan, end_lifespan, shape, last_modified) VALUES (1000008, 1000004, 5, 1001, 1, 101, 1001, 10001, '2019-05-30 14:50:00.066082', NULL, '0103000020910800000100000005000000154E28CB52A83C41AD05C91D6F3155416AC8C2336EA83C417C08D53C6F31554141D90AEE6EA83C415422FC4A65315541886488C353A83C41B61CE40C65315541154E28CB52A83C41AD05C91D6F315541', NULL);
INSERT INTO buildings.building_outlines (building_outline_id, building_id, capture_method_id, capture_source_id, lifecycle_stage_id, suburb_locality_id, town_city_id, territorial_authority_id, begin_lifespan, end_lifespan, shape, last_modified) VALUES (1000009, 1000005, 5, 1001, 1, 101, 1001, 10001, '2019-05-30 14:50:00.066082', NULL, '01030000209108000001000000050000003A64B7ABF9A83C41780137EF6E315541A7A8B2CF1DA93C41DF02BDFE6E315541CF976A151DA93C41643E7481663155411075FF65FAA83C412F3AE252663155413A64B7ABF9A83C41780137EF6E315541', NULL);
INSERT INTO buildings.building_outlines (building_outline_id, building_id, capture_method_id, capture_source_id, lifecycle_stage_id, suburb_locality_id, town_city_id, territorial_authority_id, begin_lifespan, end_lifespan, shape, last_modified) VALUES (1000010, 1000006, 5, 1001, 1, 101, 1001, 10001, '2019-05-30 14:50:00.066082', NULL, '010300002091080000010000000500000029511EC9EDA83C4115074F2D6F3155417578C67BEFA83C41C8385C436631554125B5F3EBD0A83C41262CA6B765315541D98D4B39CFA83C41770137EF6E31554129511EC9EDA83C4115074F2D6F315541', NULL);
INSERT INTO buildings.building_outlines (building_outline_id, building_id, capture_method_id, capture_source_id, lifecycle_stage_id, suburb_locality_id, town_city_id, territorial_authority_id, begin_lifespan, end_lifespan, shape, last_modified) VALUES (1000011, 1000007, 5, 1001, 1, 101, 1001, 10001, '2019-05-30 14:50:00.066082', NULL, '0103000020910800000100000005000000A7548091ABA83C414504430E6F3155416680CA94C3A83C41AD05C91D6F31554115A25A09C5A83C4189268E7965315541D04338D7AAA83C415322FC4A65315541A7548091ABA83C414504430E6F315541', NULL);
INSERT INTO buildings.building_outlines (building_outline_id, building_id, capture_method_id, capture_source_id, lifecycle_stage_id, suburb_locality_id, town_city_id, territorial_authority_id, begin_lifespan, end_lifespan, shape, last_modified) VALUES (1000012, 1000008, 5, 1001, 1, 101, 1001, 10001, '2019-05-30 14:50:00.066082', NULL, '0103000020910800000100000005000000E4832C5D81A83C414604430E6F315541100F0F809DA83C41DF02BDFE6E315541D703DF039DA83C41C02A20A8653155410C73E4A280A83C4159299A9865315541E4832C5D81A83C414604430E6F315541', NULL);
INSERT INTO buildings.building_outlines (building_outline_id, building_id, capture_method_id, capture_source_id, lifecycle_stage_id, suburb_locality_id, town_city_id, territorial_authority_id, begin_lifespan, end_lifespan, shape, last_modified) VALUES (1000013, 1000009, 5, 1001, 1, 101, 1001, 10001, '2019-05-30 14:50:00.066082', NULL, '0103000020910800000100000005000000ED82ECD428A83C411000B1DF6E315541F8D5DE8A42A83C41AD05C91D6F315541A7F76EFF43A83C41501B5EFD643155419CA47C492AA83C41E819D8ED64315541ED82ECD428A83C411000B1DF6E315541', NULL);
INSERT INTO buildings.building_outlines (building_outline_id, building_id, capture_method_id, capture_source_id, lifecycle_stage_id, suburb_locality_id, town_city_id, territorial_authority_id, begin_lifespan, end_lifespan, shape, last_modified) VALUES (1031, 10031, 5, 1001, 1, 101, 1001, 10001, '2017-01-01 09:00:00', '2019-05-30 14:50:00.066082', '01030000209108000001000000050000004618243924A83C4196D4B8C26F315541D08E8BC127A93C41D0DFE83E7031554145A5EBB928A93C41AEB0D72563315541802354B524A83C4173A5A7A9623155414618243924A83C4196D4B8C26F315541', NULL);
INSERT INTO buildings.building_outlines (building_outline_id, building_id, capture_method_id, capture_source_id, lifecycle_stage_id, suburb_locality_id, town_city_id, territorial_authority_id, begin_lifespan, end_lifespan, shape, last_modified) VALUES (1000014, 1000010, 5, 1001, 1, 101, 1001, 10001, '2019-05-30 14:50:00.066082', NULL, '01030000209108000001000000050000001DA11A816CA83C41AF1787C5593155413FD02B9A79A83C41481601B65931554179DB5B167AA83C4134ACF3104A315541BAA632BF6CA83C41CDAA6D014A3155411DA11A816CA83C41AF1787C559315541', NULL);
INSERT INTO buildings.building_outlines (building_outline_id, building_id, capture_method_id, capture_source_id, lifecycle_stage_id, suburb_locality_id, town_city_id, territorial_authority_id, begin_lifespan, end_lifespan, shape, last_modified) VALUES (1000015, 1000011, 5, 1001, 1, 101, 1001, 10001, '2019-05-30 14:50:00.066082', NULL, '0103000020910800000100000007000000C48C0086A9A83C41AB7223D2593155410DEB9230C8A83C4116190DD55931554147F6C2ACC8A83C4165A0089E543155416A37926DC0A83C41FE9E828E543155418D3F5012C0A83C410B784BAC5731554150FC637BA9A83C4185BD18A557315541C48C0086A9A83C41AB7223D259315541', NULL);
INSERT INTO buildings.building_outlines (building_outline_id, building_id, capture_method_id, capture_source_id, lifecycle_stage_id, suburb_locality_id, town_city_id, territorial_authority_id, begin_lifespan, end_lifespan, shape, last_modified) VALUES (1000016, 1000012, 5, 1001, 1, 101, 1001, 10001, '2019-05-30 14:50:00.066082', NULL, '0103000020910800000100000007000000A3B112627DA83C41579FC3C854315541D13DEF7B7DA83C416E24CABC5931554158B551CFA6A83C41946081F15931554132DBD4F4A6A83C41FB5E307B573155411B5D5A5589A83C4174B1EE6157315541F7FDED8A89A83C41323CACD354315541A3B112627DA83C41579FC3C854315541', NULL);
INSERT INTO buildings.building_outlines (building_outline_id, building_id, capture_method_id, capture_source_id, lifecycle_stage_id, suburb_locality_id, town_city_id, territorial_authority_id, begin_lifespan, end_lifespan, shape, last_modified) VALUES (1000017, 1000013, 5, 1001, 1, 101, 1001, 10001, '2019-05-30 14:50:00.066082', NULL, '01030000209108000001000000050000007FE8F1597CA83C411E55CB7254315541C8F4BCDB89A83C4116D7B75F5431554189838B3D8BA83C41A04A82D6493155413334F8A47CA83C418B38E0F5493155417FE8F1597CA83C411E55CB7254315541', NULL);
INSERT INTO buildings.building_outlines (building_outline_id, building_id, capture_method_id, capture_source_id, lifecycle_stage_id, suburb_locality_id, town_city_id, territorial_authority_id, begin_lifespan, end_lifespan, shape, last_modified) VALUES (1000018, 1000014, 5, 1001, 1, 101, 1001, 10001, '2019-05-30 14:50:00.066082', NULL, '01030000209108000001000000050000009ACC05AD8FA83C41E8D7F8584E31554186AFDBADD0A83C417515369D4E315541E9A9C36FD0A83C419BAD79204A31554175F288D28FA83C411D3817D6493155419ACC05AD8FA83C41E8D7F8584E315541', NULL);
INSERT INTO buildings.building_outlines (building_outline_id, building_id, capture_method_id, capture_source_id, lifecycle_stage_id, suburb_locality_id, town_city_id, territorial_authority_id, begin_lifespan, end_lifespan, shape, last_modified) VALUES (1030, 10030, 5, 1001, 1, 101, 1001, 10001, '2017-01-01 09:00:00', '2019-05-30 14:50:00.066082', '010300002091080000010000000C0000007B4A2B50CCA83C4149685AF554315541B5555BCCCCA83C41A354061C5431554199DD118CBCA83C416D5074ED533155415FD2E10FBCA83C412D8E7C98563155416D64ED108BA83C41C185583B56315541F396C53F8DA83C4128E093134F315541A9E7CB1AD3A83C418ADA7BD54E315541F50E74CDD4A83C41A86483BD493155412358E25969A83C413C5C5F6049315541E94CB2DD68A83C415DDB46EE59315541413FFBD3CBA83C41FAE05E2C5A3155417B4A2B50CCA83C4149685AF554315541', NULL);
INSERT INTO buildings.building_outlines (building_outline_id, building_id, capture_method_id, capture_source_id, lifecycle_stage_id, suburb_locality_id, town_city_id, territorial_authority_id, begin_lifespan, end_lifespan, shape, last_modified) VALUES (1000019, 1000015, 5, 1001, 1, 101, 1001, 10001, '2019-05-30 14:50:00.066082', NULL, '01030000209108000001000000050000004A1160A8A8A83C41E93475E944315541E2AD457CBAA83C413734B2E144315541BABE8D36BBA83C419FBDF6C13F315541F024B481A9A83C41ECBC33BA3F3155414A1160A8A8A83C41E93475E944315541', NULL);
INSERT INTO buildings.building_outlines (building_outline_id, building_id, capture_method_id, capture_source_id, lifecycle_stage_id, suburb_locality_id, town_city_id, territorial_authority_id, begin_lifespan, end_lifespan, shape, last_modified) VALUES (1000020, 1000016, 5, 1001, 1, 101, 1001, 10001, '2019-05-30 14:50:00.066082', NULL, '0103000020910800000100000005000000888EA1E28CA83C41332D149444315541F02D93D59EA83C41B430E3BA44315541BF309FF49EA83C41B6B8A18B3F315541919CDD7D8DA83C4103B8DE833F315541888EA1E28CA83C41332D149444315541', NULL);
INSERT INTO buildings.building_outlines (building_outline_id, building_id, capture_method_id, capture_source_id, lifecycle_stage_id, suburb_locality_id, town_city_id, territorial_authority_id, begin_lifespan, end_lifespan, shape, last_modified) VALUES (1000021, 1000017, 5, 1001, 1, 101, 1001, 10001, '2019-05-30 14:50:00.066082', NULL, '01030000209108000001000000050000002122A862A9A83C412CA796C93E31554158C4A574BBA83C4193A81CD93E315541CDDA056DBCA83C41F82AC36B393155412122A862A9A83C41F92AC36B393155412122A862A9A83C412CA796C93E315541', NULL);
INSERT INTO buildings.building_outlines (building_outline_id, building_id, capture_method_id, capture_source_id, lifecycle_stage_id, suburb_locality_id, town_city_id, territorial_authority_id, begin_lifespan, end_lifespan, shape, last_modified) VALUES (1000022, 1000018, 5, 1001, 1, 101, 1001, 10001, '2019-05-30 14:50:00.066082', NULL, '01030000209108000001000000050000004F8371668CA83C418EA17E8B3E315541C73EDB8F9FA83C418FA17E8B3E315541024A0B0CA0A83C4191293D5C39315541898EA1E28CA83C41F82AC36B393155414F8371668CA83C418EA17E8B3E315541', NULL);
INSERT INTO buildings.building_outlines (building_outline_id, building_id, capture_method_id, capture_source_id, lifecycle_stage_id, suburb_locality_id, town_city_id, territorial_authority_id, begin_lifespan, end_lifespan, shape, last_modified) VALUES (1029, 10029, 5, 1001, 1, 101, 1001, 10001, '2017-01-01 09:00:00', '2019-05-30 14:50:00.066082', '01030000209108000001000000050000009753A5568AA83C41E5F7710A45315541A3EB4D27BDA83C4182FD8948453155412010EABABEA83C419EE046F938315541D25ED5D28AA83C41EBDF83F1383155419753A5568AA83C41E5F7710A45315541', NULL);
INSERT INTO buildings.building_outlines (building_outline_id, building_id, capture_method_id, capture_source_id, lifecycle_stage_id, suburb_locality_id, town_city_id, territorial_authority_id, begin_lifespan, end_lifespan, shape, last_modified) VALUES (1000023, 1000019, 5, 1001, 1, 101, 1001, 10001, '2019-05-30 14:50:00.066082', NULL, '0103000020910800000100000005000000B72B42AD93A83C41DBA99AD733315541652534ACB3A83C41D1736DD2333155411C122BC1B3A83C41D307295F32315541852E4ECC93A83C412D880A6332315541B72B42AD93A83C41DBA99AD733315541', NULL);
INSERT INTO buildings.building_outlines (building_outline_id, building_id, capture_method_id, capture_source_id, lifecycle_stage_id, suburb_locality_id, town_city_id, territorial_authority_id, begin_lifespan, end_lifespan, shape, last_modified) VALUES (1000024, 1000020, 5, 1001, 1, 101, 1001, 10001, '2019-05-30 14:50:00.066082', NULL, '01030000209108000001000000050000003FACAF4AA4A83C41C17FE60532315541EB1437E0B3A83C41B4FE41FA313155413C1B1226B4A83C417B3771E62E315541A2A6970CA4A83C417B3771E62E3155413FACAF4AA4A83C41C17FE60532315541', NULL);
INSERT INTO buildings.building_outlines (building_outline_id, building_id, capture_method_id, capture_source_id, lifecycle_stage_id, suburb_locality_id, town_city_id, territorial_authority_id, begin_lifespan, end_lifespan, shape, last_modified) VALUES (1000025, 1000021, 5, 1001, 1, 101, 1001, 10001, '2019-05-30 14:50:00.066082', NULL, '01030000209108000001000000050000002334660A94A83C41B3FE41FA31315541EB4E6042A0A83C413A3F140032315541844DDA32A0A83C41E675FAD42E31554107321DF393A83C41B9B509D32E3155412334660A94A83C41B3FE41FA31315541', NULL);
INSERT INTO buildings.building_outlines (building_outline_id, building_id, capture_method_id, capture_source_id, lifecycle_stage_id, suburb_locality_id, town_city_id, territorial_authority_id, begin_lifespan, end_lifespan, shape, last_modified) VALUES (1028, 10028, 5, 1001, 1, 101, 1001, 10001, '2017-01-01 09:00:00', '2019-05-30 14:50:00.066082', '0103000020910800000100000005000000E01AFAF292A83C415870661F34315541CB33BB35B5A83C41F16EE00F34315541CF3A5983B5A83C41CB73B1BD2E3155414215E2B492A83C411773EEB52E315541E01AFAF292A83C415870661F34315541', NULL);
INSERT INTO buildings.building_outlines (building_outline_id, building_id, capture_method_id, capture_source_id, lifecycle_stage_id, suburb_locality_id, town_city_id, territorial_authority_id, begin_lifespan, end_lifespan, shape, last_modified) VALUES (1000026, 1000022, 5, 1001, 1, 101, 1001, 10001, '2019-05-30 14:50:00.066082', NULL, '01030000209108000001000000050000002122A862A9A83C41379F25522831554189232E72A9A83C4123C589B92C31554174A76225AFA83C4123C589B92C3155410CA6DC15AFA83C41635F1654283155412122A862A9A83C41379F255228315541', NULL);
INSERT INTO buildings.building_outlines (building_outline_id, building_id, capture_method_id, capture_source_id, lifecycle_stage_id, suburb_locality_id, town_city_id, territorial_authority_id, begin_lifespan, end_lifespan, shape, last_modified) VALUES (1000027, 1000023, 5, 1001, 1, 101, 1001, 10001, '2019-05-30 14:50:00.066082', NULL, '0103000020910800000100000005000000273225049FA83C415DDEB30C2B315541B7F1184BA7A83C415EDEB30C2B3155416BF2DB52A7A83C410ADF345028315541DB32E80B9FA83C4109DF345028315541273225049FA83C415DDEB30C2B315541', NULL);
INSERT INTO buildings.building_outlines (building_outline_id, building_id, capture_method_id, capture_source_id, lifecycle_stage_id, suburb_locality_id, town_city_id, territorial_authority_id, begin_lifespan, end_lifespan, shape, last_modified) VALUES (1027, 10027, 5, 1001, 1, 101, 1001, 10001, '2017-01-01 09:00:00', '2019-05-30 14:50:00.066082', '0103000020910800000100000007000000E81F573A9EA83C416A5F58182B3155414B1160A8A8A83C41971F491A2B31554197109DA0A8A83C41D08849E22C3155411ABBB6FEAFA83C41FD483AE42C31554150BF482DB0A83C41CE9D9F42283155419C201A429EA83C41A1DDAE4028315541E81F573A9EA83C416A5F58182B315541', NULL);
INSERT INTO buildings.building_outlines (building_outline_id, building_id, capture_method_id, capture_source_id, lifecycle_stage_id, suburb_locality_id, town_city_id, territorial_authority_id, begin_lifespan, end_lifespan, shape, last_modified) VALUES (1000028, 1000024, 5, 1001, 1, 102, 1001, 10001, '2019-05-30 14:50:00.066082', NULL, '010300002091080000010000000D0000005A224B267DA83C41687E9882F63055419B4A3361D7A83C411C7F5B8AF630554138504B9FD7A83C4116D17205EF3055414167668ECDA83C417ED2F814EF3055414167668ECDA83C418608A06AF1305541543CE7A3C0A83C412C88BE66F1305541BC3D6DB3C0A83C41342A30DFF23055418D64F52196A83C41B22661B8F230554149DFBEE795A83C41565D05C9EC305541068BD2BB8CA83C416DBDFDC9EC3055419F894CAC8CA83C41E1CCE0D6EE305541EE1927C97CA83C41E1CCE0D6EE3055415A224B267DA83C41687E9882F6305541', NULL);
INSERT INTO buildings.building_outlines (building_outline_id, building_id, capture_method_id, capture_source_id, lifecycle_stage_id, suburb_locality_id, town_city_id, territorial_authority_id, begin_lifespan, end_lifespan, shape, last_modified) VALUES (1021, 10021, 5, 1001, 1, 102, 1001, 10001, '2017-01-01 09:00:00', '2019-05-30 14:50:00.066082', '0103000020910800000100000006000000BEBC5B497EA83C41D6A394F7F330554124BEE1587EA83C4141DBC15CF63055410F0C77C78CA83C41E75AE058F6305541DA07E5988CA83C41E532F115EF30554121B7430B7EA83C41D8B14C0AEF305541BEBC5B497EA83C41D6A394F7F3305541', NULL);
INSERT INTO buildings.building_outlines (building_outline_id, building_id, capture_method_id, capture_source_id, lifecycle_stage_id, suburb_locality_id, town_city_id, territorial_authority_id, begin_lifespan, end_lifespan, shape, last_modified) VALUES (1022, 10022, 5, 1001, 1, 102, 1001, 10001, '2017-01-01 09:00:00', '2019-05-30 14:50:00.066082', '01030000209108000001000000050000001E28EFFD8DA83C418EDAFE54F630554146C3FE36B1A83C41D892055FF630554159303D24B1A83C4154F67632F33055415025E3DE8DA83C419791C62DF33055411E28EFFD8DA83C418EDAFE54F6305541', NULL);
INSERT INTO buildings.building_outlines (building_outline_id, building_id, capture_method_id, capture_source_id, lifecycle_stage_id, suburb_locality_id, town_city_id, territorial_authority_id, begin_lifespan, end_lifespan, shape, last_modified) VALUES (1023, 10023, 5, 1001, 1, 103, 1001, 10001, '2017-01-01 09:00:00', '2019-05-30 14:50:00.066082', '0103000020910800000100000005000000DB6ABBE6B2A83C41643F8D44F63055417FB0E545D6A83C41F5DB8464F63055414CB3F164D6A83C417AB7E8D0F4305541F99BCED0B2A83C41E0C042ACF4305541DB6ABBE6B2A83C41643F8D44F6305541', NULL);
INSERT INTO buildings.building_outlines (building_outline_id, building_id, capture_method_id, capture_source_id, lifecycle_stage_id, suburb_locality_id, town_city_id, territorial_authority_id, begin_lifespan, end_lifespan, shape, last_modified) VALUES (1024, 10024, 5, 1001, 1, 102, 1001, 10001, '2017-01-01 09:00:00', '2019-05-30 14:50:00.066082', '0103000020910800000100000005000000B62669EE8DA83C41E18965D8F23055417AD0BF4495A83C41880984D4F230554144CC2D1695A83C41D8824302ED3055418122D7BF8DA83C41D7824302ED305541B62669EE8DA83C41E18965D8F2305541', NULL);
INSERT INTO buildings.building_outlines (building_outline_id, building_id, capture_method_id, capture_source_id, lifecycle_stage_id, suburb_locality_id, town_city_id, territorial_authority_id, begin_lifespan, end_lifespan, shape, last_modified) VALUES (1025, 10025, 5, 1001, 1, 103, 1001, 10001, '2017-01-01 09:00:00', '2019-05-30 14:50:00.066082', '010300002091080000010000000500000081FB5E73CEA83C41692FA677F43055417EB0E545D6A83C4110AFC473F43055411AB6FD83D6A83C413639CC5BEF30554182FB5E73CEA83C413639CC5BEF30554181FB5E73CEA83C41692FA677F4305541', NULL);
INSERT INTO buildings.building_outlines (building_outline_id, building_id, capture_method_id, capture_source_id, lifecycle_stage_id, suburb_locality_id, town_city_id, territorial_authority_id, begin_lifespan, end_lifespan, shape, last_modified) VALUES (1026, 10026, 5, 1001, 1, 103, 1001, 10001, '2017-01-01 09:00:00', '2019-05-30 14:50:00.066082', '0103000020910800000100000008000000536B3295C1A83C41A492144AF43055413376221BCDA83C41FAEBFF46F43055419FD53CD0CCA83C416B6C6792F130554179D3EBA7C1A83C41C4EC4896F1305541AC28168FC1A83C41131EB12FF3305541F9D4E1FAB2A83C41FB063C30F3305541E175A8FCB2A83C4129F4A242F4305541536B3295C1A83C41A492144AF4305541', NULL);
INSERT INTO buildings.building_outlines (building_outline_id, building_id, capture_method_id, capture_source_id, lifecycle_stage_id, suburb_locality_id, town_city_id, territorial_authority_id, begin_lifespan, end_lifespan, shape, last_modified) VALUES (1000029, 1000025, 5, 1001, 1, 103, 1001, 10001, '2019-05-30 14:50:00.066082', NULL, '01030000209108000001000000050000007C515C3F8AA83C417C19F035FD3055415B911A60CFA83C416117A71EFD305541C7993EBDCFA83C418BB688EFF8305541DF4B44018AA83C4170B43FD8F83055417C515C3F8AA83C417C19F035FD305541', NULL);
INSERT INTO buildings.building_outlines (building_outline_id, building_id, capture_method_id, capture_source_id, lifecycle_stage_id, suburb_locality_id, town_city_id, territorial_authority_id, begin_lifespan, end_lifespan, shape, last_modified) VALUES (1016, 10016, 5, 1001, 1, 102, 1001, 10001, '2017-01-01 09:00:00', '2019-05-30 14:50:00.066082', '01030000209108000001000000050000002FEDF2718BA83C417EB010D0FC30554115D6D78295A83C4124302FCCFC30554131D8209A95A83C413E9E0042F930554115EBA95A8BA83C41311D5C36F93055412FEDF2718BA83C417EB010D0FC305541', NULL);
INSERT INTO buildings.building_outlines (building_outline_id, building_id, capture_method_id, capture_source_id, lifecycle_stage_id, suburb_locality_id, town_city_id, territorial_authority_id, begin_lifespan, end_lifespan, shape, last_modified) VALUES (1017, 10017, 5, 1001, 1, 102, 1001, 10001, '2017-01-01 09:00:00', '2019-05-30 14:50:00.066082', '0103000020910800000100000005000000E436F6B199A83C41CAAF4DC8FC305541D1FE0D56A2A83C41712F6CC4FC3055412105E99BA2A83C41C5DED247F9305541653AC5D899A83C41971EE245F9305541E436F6B199A83C41CAAF4DC8FC305541', NULL);
INSERT INTO buildings.building_outlines (building_outline_id, building_id, capture_method_id, capture_source_id, lifecycle_stage_id, suburb_locality_id, town_city_id, territorial_authority_id, begin_lifespan, end_lifespan, shape, last_modified) VALUES (1018, 10018, 5, 1001, 1, 103, 1001, 10001, '2017-01-01 09:00:00', '2019-05-30 14:50:00.066082', '0103000020910800000100000005000000FF817F01A8A83C41446F7BC2FC3055411361BAA5B1A83C4163AEC7B8FC305541FC650FDCB1A83C411E5FB44BF930554166830511A8A83C41F19EC349F9305541FF817F01A8A83C41446F7BC2FC305541', NULL);
INSERT INTO buildings.building_outlines (building_outline_id, building_id, capture_method_id, capture_source_id, lifecycle_stage_id, suburb_locality_id, town_city_id, territorial_authority_id, begin_lifespan, end_lifespan, shape, last_modified) VALUES (1019, 10019, 5, 1001, 1, 103, 1001, 10001, '2017-01-01 09:00:00', '2019-05-30 14:50:00.066082', '01030000209108000001000000050000001ED4A69EB6A83C4164AEC7B8FC3055418E9F8D69BFA83C4163AEC7B8FC3055417BAB80EDBFA83C414B1FA54DF930554170DA81E4B6A83C411E5FB44BF93055411ED4A69EB6A83C4164AEC7B8FC305541', NULL);
INSERT INTO buildings.building_outlines (building_outline_id, building_id, capture_method_id, capture_source_id, lifecycle_stage_id, suburb_locality_id, town_city_id, territorial_authority_id, begin_lifespan, end_lifespan, shape, last_modified) VALUES (1020, 10020, 5, 1001, 1, 103, 1001, 10001, '2017-01-01 09:00:00', '2019-05-30 14:50:00.066082', '010300002091080000010000000500000068158681C4A83C41DD6DF5B2FC30554146F02EF7CDA83C4137EED6B6FC30554165F9155CCEA83C414B1FA54DF9305541E91855A8C4A83C414B1FA54DF930554168158681C4A83C41DD6DF5B2FC305541', NULL);
INSERT INTO buildings.building_outlines (building_outline_id, building_id, capture_method_id, capture_source_id, lifecycle_stage_id, suburb_locality_id, town_city_id, territorial_authority_id, begin_lifespan, end_lifespan, shape, last_modified) VALUES (1000030, 1000026, 5, 1001, 1, 102, 1001, 10001, '2019-05-30 14:50:00.066082', NULL, '010300002091080000010000000500000037D65B0B9BA83C41B3806D3307315541B38F842EB9A83C414D7FE7230731554187992E9BB9A83C41ECE45278003155416CDAED399BA83C4139E48F700031554137D65B0B9BA83C41B3806D3307315541', NULL);
INSERT INTO buildings.building_outlines (building_outline_id, building_id, capture_method_id, capture_source_id, lifecycle_stage_id, suburb_locality_id, town_city_id, territorial_authority_id, begin_lifespan, end_lifespan, shape, last_modified) VALUES (1012, 10012, 5, 1001, 1, 102, 1001, 10001, '2017-01-01 09:00:00', '2019-05-30 14:50:00.066082', '01030000209108000001000000050000005475C1649CA83C41201B5DF406315541BC907EA4A8A83C416D1A9AEC06315541589696E2A8A83C41A998F01404315541A074FE5C9CA83C412FD9C21A043155415475C1649CA83C41201B5DF406315541', NULL);
INSERT INTO buildings.building_outlines (building_outline_id, building_id, capture_method_id, capture_source_id, lifecycle_stage_id, suburb_locality_id, town_city_id, territorial_authority_id, begin_lifespan, end_lifespan, shape, last_modified) VALUES (1013, 10013, 5, 1001, 1, 103, 1001, 10001, '2017-01-01 09:00:00', '2019-05-30 14:50:00.066082', '010300002091080000010000000500000001E09111ACA83C416B1A9AEC0631554127E2E239B7A83C4199DA8AEE063155415DE67468B7A83C41D558E11604315541B5E05419ACA83C414F180F110431554101E09111ACA83C416B1A9AEC06315541', NULL);
INSERT INTO buildings.building_outlines (building_outline_id, building_id, capture_method_id, capture_source_id, lifecycle_stage_id, suburb_locality_id, town_city_id, territorial_authority_id, begin_lifespan, end_lifespan, shape, last_modified) VALUES (1014, 10014, 5, 1001, 1, 102, 1001, 10001, '2017-01-01 09:00:00', '2019-05-30 14:50:00.066082', '01030000209108000001000000050000004F6E23179CA83C41B2485C6403315541229204B4A8A83C4166491F6C0331554189938AC3A8A83C41CB4A63B7003155416A706C2E9CA83C41164AA0AF003155414F6E23179CA83C41B2485C6403315541', NULL);
INSERT INTO buildings.building_outlines (building_outline_id, building_id, capture_method_id, capture_source_id, lifecycle_stage_id, suburb_locality_id, town_city_id, territorial_authority_id, begin_lifespan, end_lifespan, shape, last_modified) VALUES (1015, 10015, 5, 1001, 1, 103, 1001, 10001, '2017-01-01 09:00:00', '2019-05-30 14:50:00.066082', '0103000020910800000100000005000000CFE29D30ACA83C41A08AB479033155419BF84232B8A83C41CD4AA57B033155411CFC1159B8A83C413689ECA500315541E9E4E647ACA83C410AC9FBA300315541CFE29D30ACA83C41A08AB47903315541', NULL);
INSERT INTO buildings.building_outlines (building_outline_id, building_id, capture_method_id, capture_source_id, lifecycle_stage_id, suburb_locality_id, town_city_id, territorial_authority_id, begin_lifespan, end_lifespan, shape, last_modified) VALUES (1000031, 1000027, 5, 1001, 1, 102, 1001, 10001, '2019-05-30 14:50:00.066082', NULL, '010300002091080000010000000900000071EA6ADB90A83C415149C4560A3155410EF0821991A83C41FD0A01B512315541CE608337C2A83C41718D2BD0123155413E7045E2C2A83C412ECD74810A315541234F7064B6A83C41D34C937D0A31554187495826B6A83C416550E62C10315541B70196EC9CA83C41BFD0C73010315541230ABA499DA83C41064A875E0A31554171EA6ADB90A83C415149C4560A315541', NULL);
INSERT INTO buildings.building_outlines (building_outline_id, building_id, capture_method_id, capture_source_id, lifecycle_stage_id, suburb_locality_id, town_city_id, territorial_authority_id, begin_lifespan, end_lifespan, shape, last_modified) VALUES (1009, 10009, 5, 1001, 1, 102, 1001, 10001, '2017-01-01 09:00:00', '2019-05-30 14:50:00.066082', '0103000020910800000100000005000000307A0E8A91A83C4140EE208C0A315541307A0E8A91A83C4108700C28103155412178CD839CA83C4161F0ED2B10315541567C5FB29CA83C4141EE208C0A315541307A0E8A91A83C4140EE208C0A315541', NULL);
INSERT INTO buildings.building_outlines (building_outline_id, building_id, capture_method_id, capture_source_id, lifecycle_stage_id, suburb_locality_id, town_city_id, territorial_authority_id, begin_lifespan, end_lifespan, shape, last_modified) VALUES (1010, 10010, 5, 1001, 1, 102, 1001, 10001, '2017-01-01 09:00:00', '2019-05-30 14:50:00.066082', '0103000020910800000100000005000000977B949991A83C418128DE981231554159CA0443C1A83C41CD271B911231554127CD1062C1A83C415976E76D10315541307A0E8A91A83C41B1F6C87110315541977B949991A83C418128DE9812315541', NULL);
INSERT INTO buildings.building_outlines (building_outline_id, building_id, capture_method_id, capture_source_id, lifecycle_stage_id, suburb_locality_id, town_city_id, territorial_authority_id, begin_lifespan, end_lifespan, shape, last_modified) VALUES (1011, 10011, 5, 1001, 1, 103, 1001, 10001, '2017-01-01 09:00:00', '2019-05-30 14:50:00.066082', '01030000209108000001000000050000006FDA81E4B6A83C41556F4920103155415ED1A290C1A83C41FBEE671C1031554161D840DEC1A83C410370889F0A315541D6DB07F4B6A83C415CF069A30A3155416FDA81E4B6A83C41556F492010315541', NULL);
INSERT INTO buildings.building_outlines (building_outline_id, building_id, capture_method_id, capture_source_id, lifecycle_stage_id, suburb_locality_id, town_city_id, territorial_authority_id, begin_lifespan, end_lifespan, shape, last_modified) VALUES (1000032, 1000028, 5, 1001, 1, 102, 1001, 10001, '2019-05-30 14:50:00.066082', NULL, '0103000020910800000100000005000000901BBDFA92A83C413522A83D1931554180E266C2BCA83C418FA289411931554119E1E0B2BCA83C419A3884AD14315541901BBDFA92A83C4140B8A2A914315541901BBDFA92A83C413522A83D19315541', NULL);
INSERT INTO buildings.building_outlines (building_outline_id, building_id, capture_method_id, capture_source_id, lifecycle_stage_id, suburb_locality_id, town_city_id, territorial_authority_id, begin_lifespan, end_lifespan, shape, last_modified) VALUES (1007, 10007, 5, 1001, 1, 102, 1001, 10001, '2017-01-01 09:00:00', '2019-05-30 14:50:00.066082', '010300002091080000010000000500000030D8209A95A83C419573A19B183155412D1AC384A3A83C419373A19B18315541471C0C9CA3A83C41C3A6B8491531554130D8209A95A83C411F279A4D1531554130D8209A95A83C419573A19B18315541', NULL);
INSERT INTO buildings.building_outlines (building_outline_id, building_id, capture_method_id, capture_source_id, lifecycle_stage_id, suburb_locality_id, town_city_id, territorial_authority_id, begin_lifespan, end_lifespan, shape, last_modified) VALUES (1008, 10008, 5, 1001, 1, 103, 1001, 10001, '2017-01-01 09:00:00', '2019-05-30 14:50:00.066082', '01030000209108000001000000050000006BE8B56EACA83C412D721B8C1831554117247D13BAA83C4179715884183155413326C62ABAA83C41FEE74D57153155416AE8B56EACA83C418428205D153155416BE8B56EACA83C412D721B8C18315541', NULL);
INSERT INTO buildings.building_outlines (building_outline_id, building_id, capture_method_id, capture_source_id, lifecycle_stage_id, suburb_locality_id, town_city_id, territorial_authority_id, begin_lifespan, end_lifespan, shape, last_modified) VALUES (1034, 10034, 5, 1001, 1, 101, 1001, 10001, '2018-01-01 09:00:00', NULL, '010300002091080000010000000500000059AE79D94CA83C41C482B9960B31554159AE79D94CA83C410747313805315541826067316BA83C410747313805315541826067316BA83C41B2940BA90B31554159AE79D94CA83C41C482B9960B315541', NULL);
INSERT INTO buildings.building_outlines (building_outline_id, building_id, capture_method_id, capture_source_id, lifecycle_stage_id, suburb_locality_id, town_city_id, territorial_authority_id, begin_lifespan, end_lifespan, shape, last_modified) VALUES (1035, 10035, 5, 1001, 1, 101, 1001, 10001, '2018-01-01 09:00:00', NULL, '0103000020910800000100000007000000E768BF4E11A83C41F74A09740F315541E768BF4E11A83C411D305C2606315541C659FE1839A83C411D305C2606315541C659FE1839A83C415EEBDCF0083155417DC631E61BA83C415EEBDCF0083155417DC631E61BA83C410939B7610F315541E768BF4E11A83C41F74A09740F315541', NULL);
INSERT INTO buildings.building_outlines (building_outline_id, building_id, capture_method_id, capture_source_id, lifecycle_stage_id, suburb_locality_id, town_city_id, territorial_authority_id, begin_lifespan, end_lifespan, shape, last_modified) VALUES (1036, 10036, 5, 1001, 1, 101, 1001, 10001, '2018-01-01 09:00:00', NULL, '010300002091080000010000000500000011F3E2044DA83C415D8BBEB516315541621AADA95BA83C415D8BBEB516315541621AADA95BA83C41F2BAF16D1231554111F3E2044DA83C41F2BAF16D1231554111F3E2044DA83C415D8BBEB516315541', NULL);
INSERT INTO buildings.building_outlines (building_outline_id, building_id, capture_method_id, capture_source_id, lifecycle_stage_id, suburb_locality_id, town_city_id, territorial_authority_id, begin_lifespan, end_lifespan, shape, last_modified) VALUES (1037, 10037, 5, 1001, 1, 101, 1001, 10001, '2018-01-01 09:00:00', NULL, '0103000020910800000100000005000000975CAF9068A83C41BE5B019516315541F25E2B1C78A83C410E3E968616315541F25E2B1C78A83C41F34F5E3012315541975CAF9068A83C41F34F5E3012315541975CAF9068A83C41BE5B019516315541', NULL);
INSERT INTO buildings.building_outlines (building_outline_id, building_id, capture_method_id, capture_source_id, lifecycle_stage_id, suburb_locality_id, town_city_id, territorial_authority_id, begin_lifespan, end_lifespan, shape, last_modified) VALUES (1000033, 1000029, 5, 1001, 1, 101, NULL, 10001, '2019-05-30 14:50:01.236765', NULL, '0103000020910800000100000005000000000000009FB33A4100000080BCB35441000000009FB33A4100000080AEB3544100000000D8B33A4100000080AEB3544100000000D8B33A4100000080BCB35441000000009FB33A4100000080BCB35441', NULL);
INSERT INTO buildings.building_outlines (building_outline_id, building_id, capture_method_id, capture_source_id, lifecycle_stage_id, suburb_locality_id, town_city_id, territorial_authority_id, begin_lifespan, end_lifespan, shape, last_modified) VALUES (1038, 10038, 5, 1001, 1, 104, 1002, 10002, '2018-02-02 09:00:00', NULL, '01030000209108000001000000050000000437733CA6AA3C41319198124D315541BE4A5FD0ABAA3C413E36B0E94B3155418E7CB9BA9AAA3C41FCC5CD74463155415EDA703D95AA3C41233A38A3473155410437733CA6AA3C41319198124D315541', NULL);
INSERT INTO buildings.building_outlines (building_outline_id, building_id, capture_method_id, capture_source_id, lifecycle_stage_id, suburb_locality_id, town_city_id, territorial_authority_id, begin_lifespan, end_lifespan, shape, last_modified) VALUES (1069, 10069, 5, 1001, 1, 104, 1002, 10002, '2018-02-02 09:00:00', NULL, '0103000020910800000100000007000000CF7C28986AAA3C41766A1687F330554109F3BFCC71AA3C419E013991F3305541A40CCDD878AA3C419B4A4375F4305541A28A79707DAA3C41B32D5F70F2305541855F031F75AA3C4155706A3AF13055417F4EE3836AAA3C410C775140F1305541CF7C28986AAA3C41766A1687F3305541', NULL);
INSERT INTO buildings.building_outlines (building_outline_id, building_id, capture_method_id, capture_source_id, lifecycle_stage_id, suburb_locality_id, town_city_id, territorial_authority_id, begin_lifespan, end_lifespan, shape, last_modified) VALUES (1070, 10070, 5, 1001, 1, 104, 1002, 10002, '2018-02-02 09:00:00', NULL, '01030000209108000001000000070000005CA3AD3A6BAA3C41F932AEF9F8305541CDC4379974AA3C418F6CB77FF93055419E4C57FE75AA3C413D6C4DF0F7305541741CAE3D6BAA3C41102E7A56F7305541ED71AF666AAA3C413495EE46F8305541A780CEC86BAA3C41CA99B85AF83055415CA3AD3A6BAA3C41F932AEF9F8305541', NULL);
INSERT INTO buildings.building_outlines (building_outline_id, building_id, capture_method_id, capture_source_id, lifecycle_stage_id, suburb_locality_id, town_city_id, territorial_authority_id, begin_lifespan, end_lifespan, shape, last_modified) VALUES (1071, 10071, 5, 1001, 1, 104, 1002, 10002, '2018-02-02 09:00:00', NULL, '0103000020910800000100000005000000BF1112BDC4AA3C41748DBED6FC305541EA62EDB8CFAA3C41D364572DFD3055419E506A9BD0AA3C412537B461FB30554173FF8E9FC5AA3C41C65F1B0BFB305541BF1112BDC4AA3C41748DBED6FC305541', NULL);
INSERT INTO buildings.building_outlines (building_outline_id, building_id, capture_method_id, capture_source_id, lifecycle_stage_id, suburb_locality_id, town_city_id, territorial_authority_id, begin_lifespan, end_lifespan, shape, last_modified) VALUES (1072, 10072, 5, 1001, 1, 104, 1002, 10002, '2018-02-02 09:00:00', NULL, '010300002091080000010000000500000047326B8DBAAA3C412843B941F63055417F7F37E8BFAA3C41D883F64DF6305541A1847B29C0AA3C41D65F1A85F43055416937AFCEBAAA3C41261FDD78F430554147326B8DBAAA3C412843B941F6305541', NULL);
INSERT INTO buildings.building_outlines (building_outline_id, building_id, capture_method_id, capture_source_id, lifecycle_stage_id, suburb_locality_id, town_city_id, territorial_authority_id, begin_lifespan, end_lifespan, shape, last_modified) VALUES (1039, 10039, 5, 1001, 1, 104, 1002, 10002, '2018-02-02 09:00:00', NULL, '010300002091080000010000004C000000DDEBE631C3AA3C41ACA3AE3E563155410A4D1250C3AA3C410DBA6B4456315541E7722070C3AA3C4181F07A49563155411CE9D291C3AA3C41A86BD24D563155419208E8B4C3AA3C41DCB569515631554155771BD9C3AA3C4130D039545631554194AD26FEC3AA3C41863F3D5656315541117FC123C4AA3C41B5177057563155418AA7A249C4AA3C41ED02D05756315541D859806FC4AA3C4147465C5756315541DCCF1095C4AA3C4136C315565631554178D90ABAC4AA3C41EAF5FE5356315541FA6B26DEC4AA3C4161F01B51563155410E2E1D01C5AA3C416352724D563155419F00AB22C5AA3C41C33E0949563155413D848E42C5AA3C414C4DE943563155416E978960C5AA3C41097A1C3E563155412BD1617CC5AA3C41EC11AE375631554147F1E095C5AA3C41A19CAA3056315541CB4AD5ACC5AA3C4156C41F29563155419B2412C1C5AA3C41DF3A1C2156315541351170D2C5AA3C41529DAF1856315541053ACDE0C5AA3C417455EA0F5631554157A30DECC5AA3C41C379DD0656315541AF601BF4C5AA3C4133AC9AFD553155416BC1E6F8C5AA3C41D4F733F455315541496E66FAC5AA3C41B6ADBBEA55315541B27B97F8C5AA3C41234144E1553155416C6F7DF3C5AA3C41A123E0D7553155413D3A22EBC5AA3C413AA1A1CE55315541192496DFC5AA3C419ABC9AC55531554120ACEFD0C5AA3C41150CDDBC55315541A15D4BBFC5AA3C41719779B455315541C497CBAAC5AA3C4189B680AC55315541BA4A9893C5AA3C41B2F101A55531554145AADE79C5AA3C414EE30B9E553155411AD5D05DC5AA3C41471BAC9755315541ED73A53FC5AA3C41E604EF9155315541104E971FC5AA3C4172CEDF8C55315541D5100B14C5AA3C414EE3478B55315541496A1DF3C4AA3C413150068755315541B3DEDAD0C4AA3C4171627C8355315541524D83ADC4AA3C41FBB2B08055315541CA995889C4AA3C411978A87E5531554184319E64C4AA3C41A57B677D55315541AB8D983FC4AA3C411A14F07C55315541D8B38C1AC4AA3C410620437D553155410CB5BFF5C3AA3C41A204607E55315541592D76D1C3AA3C41C6AE44805531554131C3F3ADC3AA3C41DC96ED82553155416BAA7A8BC3AA3C4172C7558655315541F2274B6AC3AA3C4187E6768A55315541211AA34AC3AA3C413241498F55315541B285BD2CC3AA3C414ADAC39455315541AB27D210C3AA3C41D57ADC9A55315541D70C15F7C2AA3C4151C587A155315541D631B6DFC2AA3C41BA4AB9A8553155414E28E1CAC2AA3C41F1A163B0553155411BC7BCB8C2AA3C417A8078B855315541F4E06AA9C2AA3C4136D5E8C0553155415D05089DC2AA3C419CE4A4C9553155411F4CAB93C2AA3C41DC659CD2553155415529668DC2AA3C4171A1BEDB553155418D4D448AC2AA3C410990FAE455315541CB8F4B8AC2AA3C4187FA3EEE553155414FE27B8DC2AA3C41EF997AF7553155419053CF93C2AA3C41A4379C0056315541FF173A9DC2AA3C4198CD92095631554154A1AAA9C2AA3C41DBA54D12563155419BBE09B9C2AA3C41F979BC1A5631554151C73ACBC2AA3C412291CF225631554117D11BE0C2AA3C41A7DD772A5631554118EF85F7C2AA3C41C918A731563155415C7A4D11C3AA3C41A3DD4F38563155412763422DC3AA3C41F1C1653E56315541DDEBE631C3AA3C41ACA3AE3E56315541', NULL);
INSERT INTO buildings.building_outlines (building_outline_id, building_id, capture_method_id, capture_source_id, lifecycle_stage_id, suburb_locality_id, town_city_id, territorial_authority_id, begin_lifespan, end_lifespan, shape, last_modified) VALUES (1040, 10040, 5, 1001, 1, 104, 1002, 10002, '2018-02-02 09:00:00', NULL, '0103000020910800000100000005000000CF801F64B0AA3C411FB2B148543155411BF2F078B9AA3C4164B00339533155411B23C001ADAA3C41F516498E4C315541CFB1EEECA3AA3C41B018F79D4D315541CF801F64B0AA3C411FB2B14854315541', NULL);
INSERT INTO buildings.building_outlines (building_outline_id, building_id, capture_method_id, capture_source_id, lifecycle_stage_id, suburb_locality_id, town_city_id, territorial_authority_id, begin_lifespan, end_lifespan, shape, last_modified) VALUES (1041, 10041, 5, 1001, 1, 104, 1002, 10002, '2018-02-02 09:00:00', NULL, '010300002091080000010000000900000004B783E7AAAA3C41E24B74F35B315541FFCA8C91C8AA3C41A9CB58E95C3155416F37779DB8AA3C41770127A15331554102BA71FDAFAA3C416D98578E543155410540CBB2B5AA3C41B3FD94E057315541EC5A10D7B6AA3C41841203C657315541AFC46ED7B7AA3C4178AAF05858315541C65434ABACAA3C416ADE6F085831554104B783E7AAAA3C41E24B74F35B315541', NULL);
INSERT INTO buildings.building_outlines (building_outline_id, building_id, capture_method_id, capture_source_id, lifecycle_stage_id, suburb_locality_id, town_city_id, territorial_authority_id, begin_lifespan, end_lifespan, shape, last_modified) VALUES (1042, 10042, 5, 1001, 1, 104, 1002, 10002, '2018-02-02 09:00:00', NULL, '010300002091080000010000004B0000006B7284E5C6AA3C4150719CAC583155412862F00FC7AA3C41584D1DB258315541DE271E3CC7AA3C41842CACB6583155415BB0B769C7AA3C416D2D40BA5831554117246498C7AA3C416657D2BC58315541AD93C8C7C7AA3C4127A85DBE5831554131A988F7C7AA3C417D1DDFBE58315541605C4727C8AA3C4128BB55BE5831554179A7A756C8AA3C41D88CC2BC58315541F53C4D85C8AA3C4119A428BA58315541833ADDB2C8AA3C4137128DB65831554168DBFEDEC8AA3C41B9DEF6B15831554118245C09C9AA3C4147F96EAC58315541AF8AA231C9AA3C417A2800A65831554124978357C9AA3C41DFF4B69E58315541797CB57AC9AA3C416990A19658315541DAA8F39AC9AA3C41FEBACF8D583155414E4AFFB7C9AA3C4186A35284583155410ACA9FD1C9AA3C41B0C63C7A58315541013AA3E7C9AA3C41C1CAA16F58315541AFB6DEF9C9AA3C41535996645831554153BA2E08CAAA3C4134F72F595831554162627712CAAA3C4145DA844D5831554166A5A418CAAA3C415FBEAB4158315541BD7AAA1ACAAA3C41FEB8BB35583155416CF18418CAAA3C41330CCC29583155412B383812CAAA3C416CF9F31D583155410395D007CAAA3C4118944A1258315541A84D62F9C9AA3C41AA94E60658315541867F09E7C9AA3C41712CDEFB57315541BEE9E9D0C9AA3C4145DA46F15731554187A62EB7C9AA3C419F4035E7573155411BD8099AC9AA3C418CFDBCDD573155416E46B479C9AA3C412C84F0D45731554199F06C56C9AA3C411FF9E0CC57315541E4927830C9AA3C41B7109EC5573155418A1F2108C9AA3C41D3F035BF57315541A22FB5DDC8AA3C41CA14B5B957315541EC6987B1C8AA3C419F3526B5573155418633A6A2C8AA3C413F67DCB357315541E2EDBD77C8AA3C418BC6D6B15731554158FA544CC8AA3C419D67AAB0573155410AFEAF20C8AA3C41602559B0573155410DFD13F5C7AA3C416D80E3B0573155418BEDC5C9C7AA3C41E99D48B257315541B0490A9FC7AA3C41254986B457315541FBA42475C7AA3C41F2F698B757315541D83F574CC7AA3C415DCB7BBB57315541F39FE224C7AA3C4134A128C057315541B62905FFC6AA3C41F31398C55731554176BDFADAC6AA3C41308BC1CB573155415759FCB8C6AA3C417B489BD2573155415CBE3F99C6AA3C41A4761ADA57315541571CF77BC6AA3C41C03A33E257315541E4C15061C6AA3C4121C7D8EA573155411BD37649C6AA3C41776FFDF357315541C5078F34C6AA3C4169BE92FD57315541A66EBA22C6AA3C41718C890758315541CE391514C6AA3C410618D21158315541F891B608C6AA3C41241E5C1C58315541CD71B000C6AA3C416EF41627583155418B890FFCC5AA3C413BA3F13158315541DE2ADBFAC5AA3C418200DB3C58315541AA3D15FDC5AA3C4127CBC14758315541263CBA02C6AA3C41EBC59452583155417139C10BC6AA3C4104D3425D583155411FEF1B18C6AA3C41150FBB6758315541E7D3B627C6AA3C41BCEBEC7158315541A93A793AC6AA3C41064AC87B5831554131794550C6AA3C4194933D85583155415917F968C6AA3C41ABD33D8E5831554167056D84C6AA3C417DCEBA9658315541F7D975A2C6AA3C41DC17A79E583155416A16E4C2C6AA3C415B28F6A5583155416B7284E5C6AA3C4150719CAC58315541', NULL);
INSERT INTO buildings.building_outlines (building_outline_id, building_id, capture_method_id, capture_source_id, lifecycle_stage_id, suburb_locality_id, town_city_id, territorial_authority_id, begin_lifespan, end_lifespan, shape, last_modified) VALUES (1043, 10043, 5, 1001, 1, 104, 1002, 10002, '2018-02-02 09:00:00', NULL, '010300002091080000010000004C00000092C71545C1AA3C4111BE3B0C55315541A8E88265C1AA3C4123BE951355315541E18E6088C1AA3C416FB5331A5531554152CC6AADC1AA3C4182BF082055315541947659D4C1AA3C41907F0925553155418AB3E0FCC1AA3C4134362C2955315541D58CB126C2AA3C41C0D4682C553155410A8A7A51C2AA3C41C70CB92E553155415F4FE87CC2AA3C41835C183055315541F03FA6A8C2AA3C416717843055315541A5225FD4C2AA3C419C6BFB2F5531554122C8BDFFC2AA3C416D637F2E5531554108B16D2AC3AA3C413CE3122C5531554138B21B54C3AA3C4100A4BA28553155416197767CC3AA3C41F7297D245531554162C02FA3C3AA3C41E6B7621F55315541A3BBFBC7C3AA3C41473F751955315541B4D792EAC3AA3C418C4CC012553155413CB0B10AC4AA3C41DEF0500B55315541ABB01928C4AA3C4199A8350355315541B28D9142C4AA3C410B3F7EFA5431554128B6E559C4AA3C41AFAF3BF15431554137B6E86DC4AA3C411E0580E754315541C690737EC4AA3C41E1355EDD54315541F70A668BC4AA3C418EFFE9D2543155413CEBA694C4AA3C4140C037C854315541012A249AC4AA3C41EB4E5CBD54315541BC15D39BC4AA3C41C7D26CB2543155419066B099C4AA3C411A9A7EA754315541D645C093C4AA3C41BAF0A69C5431554112450E8AC4AA3C4181F6FA91543155412248AD7CC4AA3C4135768F8754315541D35FB76BC4AA3C41EBBC787D54315541B8974D57C4AA3C41A072CA73543155413EB5973FC4AA3C41DA73976A5431554150EAC324C4AA3C41D6ACF161543155419A7B0607C4AA3C41A9F6E95954315541855A99E6C3AA3C4198F68F52543155411F8F6CC9C3AA3C41CFFAF14C5431554139C0A3A7C3AA3C4142B7134654315541D9E19683C3AA3C415697F83F54315541FB308C5DC3AA3C417C80AC3A54315541A5CBCD35C3AA3C41BDC4393654315541A020A90CC3AA3C41C20EA93254315541F9586EE2C2AA3C41CD500130543155417ABB6FB7C2AA3C412EB7472E54315541450C018CC2AA3C41519E7F2D543155416DEA7660C2AA3C41058CAA2D54315541E0292635C2AA3C41AA2CC82E54315541242F630AC2AA3C41CA53D63054315541424A81E0C1AA3C413800D13354315541B514D2B7C1AA3C411664B2375431554109D3A490C1AA3C41ECEF723C54315541FDD8456BC1AA3C41886109425431554110F6FD47C1AA3C41EDD56A485431554189E71127C1AA3C41ABDE8A4F543155419CD1C108C1AA3C41EF995B575431554193C348EDC0AA3C41A9CDCD5F54315541E343DCD4C0AA3C413605D1685431554151E8ABBFC0AA3C416DB153725431554155F9E0ADC0AA3C41CE4A437C5431554194219E9FC0AA3C418F758C86543155419629FF94C0AA3C4179271B915431554145C3188EC0AA3C41D9CEDA9B54315541A35FF88AC0AA3C419B7AB6A6543155417516A48BC0AA3C41110399B15431554133991A90C0AA3C4134336DBC5431554187355398C0AA3C41EEF11DC75431554141E73DA4C0AA3C41266B96D154315541B876C3B3C0AA3C417F38C2DB5431554112A6C5C6C0AA3C41F5888DE554315541826C1FDDC0AA3C417847E5EE54315541133EA5F6C0AA3C412840B7F7543155410E612513C1AA3C41D543F2FF543155415A11F330C1AA3C41831033075531554192C71545C1AA3C4111BE3B0C55315541', NULL);
INSERT INTO buildings.building_outlines (building_outline_id, building_id, capture_method_id, capture_source_id, lifecycle_stage_id, suburb_locality_id, town_city_id, territorial_authority_id, begin_lifespan, end_lifespan, shape, last_modified) VALUES (1044, 10044, 5, 1001, 1, 104, 1002, 10002, '2018-02-02 09:00:00', NULL, '010300002091080000010000004D00000043CB9991C0AA3C414A75E8C24D315541F111CEC7C0AA3C41A4FBF9C94D31554186624400C1AA3C41D245D6CF4D31554144BB8E3AC1AA3C41C6E871D44D315541F18A3B76C1AA3C4130EAC3D74D3155416B8DD6B2C1AA3C4107D2C5D94D315541B0AEE9EFC1AA3C4107B773DA4D3155415BF0FD2CC2AA3C415F46CCD94D3155415C529C69C2AA3C414CC6D0D74D315541F7B94EA5C2AA3C419B1385D44D31554127D8A0DFC2AA3C41019AEFCF4D3155413F0C2118C3AA3C41DA4719CA4D315541B941614EC3AA3C418B7C0DC34D315541CAC5F781C3AA3C417AF2D9BA4D315541E51580B2C3AA3C411DA48EB14D315541E0A39BDFC3AA3C4135AD3DA74D315541268DF208C4AA3C411327FB9B4D3155410447342EC4AA3C41E401DD8F4D3155410A3B184FC4AA3C4185D9FA824D31554174545E6BC4AA3C41E4C76D754D3155412B7DCF82C4AA3C41BF3350674D315541FA083E95C4AA3C41909DBD584D315541A20E86A2C4AA3C41A569D2494D315541FEAD8DAAC4AA3C4106A9AB3A4D315541FE4145ADC4AA3C41B5E0662B4D315541607FA7AAC4AA3C413FD0211C4D3155413D7FB9A2C4AA3C41BF37FA0C4D3155414EB48A95C4AA3C41E39D0DFE4C315541E8CD3483C4AA3C41571679EF4C3155414C85DB6BC4AA3C41460959E14C3155413858AC4FC4AA3C41F2FBC8D34C315541CC2FDE2EC4AA3C41EE5AE3C64C31554158F6B009C4AA3C41DD46C1BA4C315541B61A6DE0C3AA3C4169637AAF4C315541590263B3C3AA3C4117A924A54C315541726DEA82C3AA3C41953AD49B4C315541F8CB614FC3AA3C419E3D9B934C31554174852D19C3AA3C4144B7898C4C3155417695A40BC3AA3C41C20D008B4C31554128D5DBD5C2AA3C41AA89F6834C315541FA6CD39DC2AA3C4128E21F7E4C3155413C88F863C2AA3C41587787794C31554195DFBB28C2AA3C41343D36764C31554131DC90ECC1AA3C4157AA32744C31554125B8ECAFC1AA3C4136AB80734C3155413C994573C1AA3C41A59A21744C31554179AB1137C1AA3C41123F14764C315541B639C6FBC0AA3C4101CD54794C3155417DCAD6C1C0AA3C414DEEDC7D4C315541363EB489C0AA3C41BCCEA3834C31554108F3CB53C0AA3C41FC2C9E8A4C31554175F08620C0AA3C419470BE924C315541FA1949F0BFAA3C4198C4F49B4C315541256D70C3BFAA3C412E362FA64C315541AE49549ABFAA3C41D8D759B14C31554106C84475BFAA3C410DE85EBD4C315541CF1C8A54BFAA3C41B8FB26CA4C3155416F0C6438BFAA3C41CB2B99D74C315541946E0921BFAA3C41D7459BE54C31554128C3A70EBFAA3C41FBFE11F44C315541C1DA6201BFAA3C413029E1024D315541238F54F9BEAA3C41FEE9EB114D315541CB928CF6BEAA3C410CF314214D315541855010F9BEAA3C41BBBA3E304D31554139E2DA00BFAA3C4137B64B3F4D315541CC19DD0DBFAA3C41A8921E4E4D315541289FFD1FBFAA3C416B6E9A5C4D315541E3201937BFAA3C417D11A36A4D315541E3990253BFAA3C4148241D784D31554141A88373BFAA3C41ED64EE844D31554129F85C98BFAA3C418CDAFD904D315541ABBE46C1BFAA3C41CC05349C4D3155415245F1EDBFAA3C41AA0E7BA64D315541FC85051EC0AA3C4109EFBEAF4D315541A6D42551C0AA3C41D799EDB74D31554152D5257DC0AA3C41CE77CBBD4D31554143CB9991C0AA3C414A75E8C24D315541', NULL);
INSERT INTO buildings.building_outlines (building_outline_id, building_id, capture_method_id, capture_source_id, lifecycle_stage_id, suburb_locality_id, town_city_id, territorial_authority_id, begin_lifespan, end_lifespan, shape, last_modified) VALUES (1045, 10045, 5, 1001, 1, 104, 1002, 10002, '2018-02-02 09:00:00', NULL, '01030000209108000001000000090000004B81FD28B8AA3C414DA3C52C4E31554150CAFF8FB4AA3C41E1D28E9B4E315541369F4AE7B5AA3C414DD6EC4D4F3155411320D098B3AA3C41E426F4944F315541F77774C6BBAA3C410CC2C3D4533155419D05EBF7BEAA3C412AA26E725331554186AB036EC0AA3C4131F2CD3454315541FD530524C3AA3C41DE9152E1533155414B81FD28B8AA3C414DA3C52C4E315541', NULL);
INSERT INTO buildings.building_outlines (building_outline_id, building_id, capture_method_id, capture_source_id, lifecycle_stage_id, suburb_locality_id, town_city_id, territorial_authority_id, begin_lifespan, end_lifespan, shape, last_modified) VALUES (1066, 10066, 5, 1001, 1, 104, 1002, 10002, '2018-02-02 09:00:00', NULL, '010300002091080000010000000D0000007A669813A4AA3C4148C8AD38F4305541A1A032FCB0AA3C4136306EC5F4305541B60E5A3CB1AA3C4107974A67F4305541DFFA5FB7B2AA3C418E586F77F4305541BDDC5C9DB3AA3C41C5EBF325F3305541D705BB1FB9AA3C415D270662F3305541A63B6781BAAA3C41A13C0C5BF1305541A8369BF5B1AA3C41A725DDFDF030554117ECFEABB1AA3C41A118E169F1305541F7B2E090A0AA3C41887D5CAFF03055414F2A55D49EAA3C415DCEAE3BF3305541FF184195A4AA3C41611B6B7AF33055417A669813A4AA3C4148C8AD38F4305541', NULL);
INSERT INTO buildings.building_outlines (building_outline_id, building_id, capture_method_id, capture_source_id, lifecycle_stage_id, suburb_locality_id, town_city_id, territorial_authority_id, begin_lifespan, end_lifespan, shape, last_modified) VALUES (1067, 10067, 5, 1001, 1, 104, 1002, 10002, '2018-02-02 09:00:00', NULL, '01030000209108000001000000050000008D8E43908EAA3C417E75DFE7EA3055413BBC573AA0AA3C41C3767C65EB30554143A6DD63A1AA3C4132280FC8E83055419578C9B98FAA3C41ED26724AE83055418D8E43908EAA3C417E75DFE7EA305541', NULL);
INSERT INTO buildings.building_outlines (building_outline_id, building_id, capture_method_id, capture_source_id, lifecycle_stage_id, suburb_locality_id, town_city_id, territorial_authority_id, begin_lifespan, end_lifespan, shape, last_modified) VALUES (1046, 10046, 5, 1001, 1, 104, 1002, 10002, '2018-02-02 09:00:00', NULL, '010300002091080000010000004B000000F063F57FC5AA3C41F1A75DF24C315541E625BDA2C5AA3C4150C184F54C315541233970C6C5AA3C41D014F2F74C31554112B7D0EAC5AA3C410D6DA1F94C315541228C9F0FC6AA3C4124DE8FFA4C3155417EE59C34C6AA3C419CCABBFA4C315541A19F8859C6AA3C413EE624FA4C3155418DB5227EC6AA3C41C536CCF84C31554107B02BA2C6AA3C41D511B4F64C3155412A1365C5C6AA3C411019E0F34C31554144CB91E7C6AA3C41CF3355F04C3155415F967608C7AA3C419A8619EC4C3155411B6BDA27C7AA3C417D6834E74C3155417CDB8645C7AA3C415556AEE14C315541E2734861C7AA3C4113E490DB4C3155414913EF7AC7AA3C4127ACE6D44C3155417E3F4E92C7AA3C410D3DBBCD4C315541D0713DA7C7AA3C415F051BC64C315541AF5D98B9C7AA3C412B3E13BE4C315541402F3FC9C7AA3C4118D4B1B54C31554110C316D6C7AA3C41404F05AD4C31554165D408E0C7AA3C41E0B91CA44C3155417D2404E7C7AA3C417286079B4C3155414198FCEAC7AA3C41BC74D5914C315541164DEBEBC7AA3C41A47696884C3155413FA5CEE9C7AA3C4176945A7F4C315541164AAAE4C7AA3C4108D131764C3155414F2687DCC7AA3C411B0E2C6D4C315541B85573D1C7AA3C41B2F058644C315541B70D82C3C7AA3C411DC6C75B4C315541137BCBB2C7AA3C41156987534C31554105996C9FC7AA3C417E28A64B4C315541E1FD8689C7AA3C4118AE31444C31554186A14071C7AA3C4128E7363D4C315541769BC356C7AA3C41E1EDC1364C315541AAD93D3AC7AA3C4172F4DD304C315541E8082A1AC7AA3C41C3DC682B4C315541C4684EF8C6AA3C415403AC264C31554184F0ECD4C6AA3C4121A3B0224C315541EF8E4AB0C6AA3C41407E7E1F4C31554118A4AE8AC6AA3C41A8CE1B1D4C31554117766264C6AA3C41253A8D1B4C315541A0A2B03DC6AA3C4155C9D51A4C315541898DE416C6AA3C419EE1F61A4C31554154CD49F0C5AA3C417D42F01B4C3155410B992BCAC5AA3C411506C01D4C3155417534D4A4C5AA3C41DBA462204C3155414B608C80C5AA3C4167FCD2234C3155414ACC9A5DC5AA3C4195590A284C315541488D433CC5AA3C416C85002D4C3155418598C71CC5AA3C4146D5AB324C3155414F4564FFC4AA3C41783D01394C31554165D552E4C4AA3C410567F43F4C315541BE05C8CBC4AA3C418DC777474C31554101A7F3B5C4AA3C41BDBB7C4F4C315541434100A3C4AA3C41C6A3F3574C31554177C01293C4AA3C41D601CC604C315541CA2C4A86C4AA3C413C9AF4694C3155416A6EBF7CC4AA3C41F1945B734C3155418A1C8576C4AA3C4172A0EE7C4C3155414B59A773C4AA3C4145159B864C3155416EBA2B74C4AA3C41951A4E904C315541EB3D1178C4AA3C41A2CAF4994C315541494C507FC4AA3C41B5577CA34C31554136C7DA89C4AA3C41DA30D2AC4C31554190259C97C4AA3C41E525E4B54C315541209A79A8C4AA3C41E58AA0BE4C315541A44952BCC4AA3C41A55AF6C64C315541E288FFD2C4AA3C41D657D5CE4C315541A82955ECC4AA3C41A42C2ED64C315541DECF2108C5AA3C419E88F2DC4C31554128522F26C5AA3C41883C15E34C315541EA224346C5AA3C4137548AE84C3155410FC31E68C5AA3C41A72D47ED4C315541F063F57FC5AA3C41F1A75DF24C315541', NULL);
INSERT INTO buildings.building_outlines (building_outline_id, building_id, capture_method_id, capture_source_id, lifecycle_stage_id, suburb_locality_id, town_city_id, territorial_authority_id, begin_lifespan, end_lifespan, shape, last_modified) VALUES (1047, 10047, 5, 1001, 1, 104, 1002, 10002, '2018-02-02 09:00:00', NULL, '010300002091080000010000004D0000007E1884BAC1AA3C41C70D43404C315541CE7601F6C1AA3C414F13EA464C31554187979633C2AA3C41E9C83E4C4C315541707FCB72C2AA3C41AFCB36504C315541240925B3C2AA3C412060CA524C315541A6D425F4C2AA3C413181F4534C315541D43C4F35C3AA3C4102EAB2534C315541DC4C2276C3AA3C41611A06524C31554187B820B6C3AA3C41C355F14E4C3155415AD1CDF4C3AA3C41EA9C7A4A4C315541D77AAF31C4AA3C4140A2AA444C315541E9164F6CC4AA3C41C0B88C3D4C3155413B6E3AA4C4AA3C4124BE2E354C315541048E04D9C4AA3C41AAFFA02B4C315541479C460AC5AA3C41641AF6204C315541CAA0A037C5AA3C41EAD642154C315541AC3FBA60C5AA3C4107019E084C31554185654385C5AA3C41093B20FB4B31554141E3F4A4C5AA3C4106CEE3EC4B31554137F990BFC5AA3C417D7604DE4B3155419ECFE3D4C5AA3C414E2E9FCE4B315541B6DAC3E4C5AA3C4149F4D1BE4B3155417D2C12EFC5AA3C41E791BBAE4B315541C0B0BAF3C5AA3C41FC5E7B9E4B3155413054B4F2C5AA3C41F004318E4B315541AA1501ECC5AA3C41EE40FC7D4B3155410803AEDFC5AA3C410EA6FC6D4B315541CD1FD3CDC5AA3C41CF5F515E4B315541FC3493B6C5AA3C417AF5184F4B315541288F1B9AC5AA3C416B0E71404B315541B5A4A378C5AA3C41963876324B315541A3AA6C52C5AA3C41AFB043254B3155418915C127C5AA3C411E2DF3184B315541A407F4F8C4AA3C41F3AB9C0D4B31554119B060C6C4AA3C41454456034B3155414A986990C4AA3C41CFFA33FA4A3155413DE47757C4AA3C41609B47F24A3155414A8FCF36C4AA3C4112716FEE4A3155411DD5E1FCC3AA3C41567DD1E64A3155413FBD84C0C3AA3C41EE147EE04A31554112E32D82C3AA3C41E58A81DB4A31554179BB5642C3AA3C416896E5D74A315541ECA77B01C3AA3C41883FB1D54A31554193041BC0C2AA3C41E6D1E8D44A3155417531B47EC2AA3C41E9D38DD54A3155412F9BC63DC2AA3C4112049FD74A315541A4C1D0FDC1AA3C41765B18DB4A31554132424FBFC1AA3C414115F3DF4A315541F3E4BB82C1AA3C4147BC25E64A31554125AF8C48C1AA3C41373DA4ED4A31554102FD3211C1AA3C4138FE5FF64A315541F4A51ADDC0AA3C4162FB47004B3155412F29A9ACC0AA3C41C6E7480B4B315541BFE83C80C0AA3C411A534D174B3155414D712C58C0AA3C4195D33D244B315541B1D1C534C0AA3C41673301324B315541C2024E16C0AA3C41E7A17C404B315541F96000FDBFAA3C41DFE7934F4B315541FE380EE9BFAA3C416A9E295F4B315541DE669EDABFAA3C415B681F6F4B3155418C0BCDD1BFAA3C413E2D567F4B315541D854ABCEBFAA3C411456AE8F4B315541E25C3FD1BFAA3C41D10A08A04B315541B11D84D9BFAA3C41627043B04B315541197B69E7BFAA3C41C5E640C04B3155414262D4FABFAA3C41A246E1CF4B3155415DFE9E13C0AA3C41F21D06DF4B31554145029931C0AA3C4170EB91ED4B31554149068854C0AA3C41EE5768FB4B315541F1FA277CC0AA3C41B16D6E084C31554156AC2BA8C0AA3C41E3CC8A144C315541D3593DD8C0AA3C4109DDA51F4C315541955BFF0BC1AA3C41E6FAA9294C315541DADA0C43C1AA3C41CDA283324C3155410795FA7CC1AA3C417E96213A4C315541F8723CB7C1AA3C41C70D43404C3155417E1884BAC1AA3C41C70D43404C315541', NULL);
INSERT INTO buildings.building_outlines (building_outline_id, building_id, capture_method_id, capture_source_id, lifecycle_stage_id, suburb_locality_id, town_city_id, territorial_authority_id, begin_lifespan, end_lifespan, shape, last_modified) VALUES (1048, 10048, 5, 1001, 1, 104, 1002, 10002, '2018-02-02 09:00:00', NULL, '01030000209108000001000000050000003312A9CA9FAA3C41C248B7E2453155411FE91D199CAA3C41B791D799463155410B3C7B6FB0AA3C412DCEFB294D3155414A650621B4AA3C413785DB724C3155413312A9CA9FAA3C41C248B7E245315541', NULL);
INSERT INTO buildings.building_outlines (building_outline_id, building_id, capture_method_id, capture_source_id, lifecycle_stage_id, suburb_locality_id, town_city_id, territorial_authority_id, begin_lifespan, end_lifespan, shape, last_modified) VALUES (1049, 10049, 5, 1001, 1, 104, 1002, 10002, '2018-02-02 09:00:00', NULL, '010300002091080000010000004A00000049547F15C3AA3C41CBFB55B54A31554185398B54C3AA3C412D7AE7B94A3155413B6AF194C3AA3C4176D914BD4A315541476E34D6C3AA3C41F5E8D7BE4A3155412C1FD517C4AA3C41DF392DBF4A315541BA9F5359C4AA3C41FD2514BE4A3155418855309AC4AA3C41E9D08EBB4A31554195E1ECD9C4AA3C41EC23A2B74A315541E8150D18C5AA3C4178C455B24A31554129E81754C5AA3C414005B4AB4A3155412F5D988DC5AA3C41F1D1C9A34A315541D36C1EC4C5AA3C413796A69A4A3155418FDC3FF7C5AA3C41A61F5C904A315541D90D9926C6AA3C41107BFE844A315541E9C0CD51C6AA3C4144CDA3784A31554115C88978C6AA3C413328646B4A31554191AB819AC6AA3C41DC5B595D4A315541643D73B7C6AA3C4110C49E4E4A315541191926CFC6AA3C410D13513F4A315541A3126CE1C6AA3C41BE198E2F4A315541C88F21EEC6AA3C41868D741F4A315541EFCD2DF5C6AA3C4183CC230F4A315541981183F6C6AA3C414AA0BBFE49315541E2C11EF2C6AA3C4126005CEE49315541926D09E8C6AA3C41B3D224DE49315541A0B956D8C6AA3C41B0AF35CE49315541FA3B25C3C6AA3C419BA2ADBE49315541F03E9EA8C6AA3C410BEEAAAF49315541B271F588C6AA3C41C9D04AA149315541CB826864C6AA3C41E04CA99349315541B2A83E3BC6AA3C41F1F0E086493155412F16C80DC6AA3C419FA40A7B49315541015F5DDCC5AA3C41DB773D7049315541E7CA5EA7C5AA3C410F768E66493155418B99336FC5AA3C41317D105E49315541313A4934C5AA3C41BC18D4564931554111B06F29C5AA3C419247AA55493155419C22B8EAC4AA3C419D91B1504931554198FB81AAC4AA3C41D2881B4D493155418F554A69C4AA3C41CF29EF4A4931554100419027C4AA3C4197B0304A4931554170CCD3E5C3AA3C413E90E14A49315541150B95A4C3AA3C413370004D49315541DA1A5364C3AA3C41B32E895049315541C62D8B25C3AA3C4116E9745549315541AC94B7E8C2AA3C41FB08BA5B4931554120D24EAEC2AA3C4111574C6349315541EDB2C276C2AA3C41F6121D6C49315541F86F7F42C2AA3C41DC0F1B764931554182DCEA11C2AA3C41EBD53281493155410C9F63E5C1AA3C4170C84E8D49315541967840BDC1AA3C41A84F579A493155418B9CCF99C1AA3C41130733A8493155418F17567BC1AA3C4191EEC6B6493155419F490F62C1AA3C41399FF6C549315541A3712C4EC1AA3C419682A4D549315541A14ED43FC1AA3C41620CB2E54931554193D22237C1AA3C41DAF5FFF549315541B5ED2834C1AA3C41FD7A6E064A3155414F6CEC36C1AA3C412198DD164A315541F8EB673FC1AA3C4183482D274A31554123E68A4DC1AA3C4187C43D374A31554185CF3961C1AA3C41CCBFEF464A315541184F4E7AC1AA3C4112A624564A3155419C879798C1AA3C41B5D6BE644A3155412F77DABBC1AA3C418DDEA1724A3155419B6AD2E3C1AA3C413FAFB27F4A31554105833110C2AA3C411DD4D78B4A315541EC4CA140C2AA3C4185A3F9964A315541F869C374C2AA3C41226D02A14A315541A64732ACC2AA3C4125A4DEA94A3155419EE581E6C2AA3C4164057DB14A315541F92FAD09C3AA3C41CBFB55B54A31554149547F15C3AA3C41CBFB55B54A315541', NULL);
INSERT INTO buildings.building_outlines (building_outline_id, building_id, capture_method_id, capture_source_id, lifecycle_stage_id, suburb_locality_id, town_city_id, territorial_authority_id, begin_lifespan, end_lifespan, shape, last_modified) VALUES (1050, 10050, 5, 1001, 1, 104, 1002, 10002, '2018-02-02 09:00:00', NULL, '010300002091080000010000004D000000BF8E49ECC3AA3C414610C02349315541FBA76524C4AA3C41D404992A493155413537AE5EC4AA3C412F5332304931554163AEB19AC4AA3C41F012813449315541C820FBD7C4AA3C417ADF7C37493155414D261316C5AA3C41C9E81F39493155418CC48054C5AA3C415CFE6639493155412C5ACA92C5AA3C41BF955138493155414E8C76D0C5AA3C416CCBE1354931554199320D0DC6AA3C41BB5E1C32493155413F411848C6AA3C419BA8082D49315541B8AF2481C6AA3C41518DB026493155418357C3B7C6AA3C411769201F493155414ACE89EBC6AA3C4132F86616493155413A34131CC7AA3C410E3A950C49315541A3F80049C7AA3C413250BE01493155418892FB71C7AA3C411259F7F548315541BA2AB396C7AA3C41CE4657E9483155413A38E0B6C7AA3C4164B2F6DB48315541460A44D2C7AA3C4115ACEFCD48315541DC43A9E8C7AA3C4146885DBF48315541B542E4F9C7AA3C417BAA5CB0483155410875D305C8AA3C41E24D0AA148315541199A5F0CC8AA3C41804C84914831554166F07B0DC8AA3C41FCE4E88148315541F24D2609C8AA3C41897F567248315541A72467FFC7AA3C410073EB6248315541E37151F0C7AA3C416EC9C55348315541629902DCC7AA3C41C4050345483155413A2CA2C2C7AA3C4131EABF3648315541509B61A4C7AA3C413340182948315541BDD77B81C7AA3C4181A2261C4831554130DF345AC7AA3C410549041048315541BF37D92EC7AA3C41EBD7C804483155416B5BBDFFC6AA3C417C318AFA473155412F123DCDC6AA3C41654B5CF147315541005946C5C6AA3C41658C0FF047315541223EA892C6AA3C415B5CA5E6473155416933F35CC6AA3C410FB05EDE473155412CDC8F24C6AA3C4173A74BD7473155411215ECE9C5AA3C41DE0A7AD147315541A81D7AADC5AA3C41AF30F5CC4731554142BAAF6FC5AA3C41B4E6C5C947315541C84D0531C5AA3C415C61F2C74731554157F0F4F1C4AA3C41A62F7EC747315541DE7FF9B2C4AA3C41D0336AC84731554105B28D74C4AA3C411EA2B4CA4731554171242B37C4AA3C41F20359CE47315541367049FBC3AA3C41CB4050D34731554122405DC1C3AA3C41D5AB90D947315541666ED789C3AA3C41EF160EE147315541D3272455C3AA3C4167EAB9E947315541EF19AA23C3AA3C41534183F347315541D8A9C9F5C2AA3C417E0A57FE47315541D239DCCBC2AA3C41922D200A483155417F7933A6C2AA3C414AB4C7164831554179C81885C2AA3C41F8F6342448315541E0A5CC68C2AA3C41C7CC4D3248315541B6338651C2AA3C418EBEF64048315541CECA723FC2AA3C41683C135048315541E5A2B532C2AA3C4142D5855F48315541AE8D672BC2AA3C416070306F48315541ABC69629C2AA3C41BC87F47E4831554155D7462DC2AA3C41DB63B38E483155418C907036C2AA3C4151574E9E4831554108180245C2AA3C41B6FAA6AD483155413E0BDF58C2AA3C41C5679FBC4831554165B7E071C2AA3C41CA731ACB48315541CF63D68FC2AA3C4139E8FBD848315541B0B185B2C2AA3C41D3B928E6483155415F0DABD9C2AA3C41563D87F2483155410B32FA04C3AA3C415159FFFD483155415CBE1E34C3AA3C415EB57A08493155413AD9BC66C3AA3C4172E5E41149315541F3E3719CC3AA3C41B4912B1A49315541303BD5D4C3AA3C415A9A3E2149315541BF8E49ECC3AA3C414610C02349315541', NULL);
INSERT INTO buildings.building_outlines (building_outline_id, building_id, capture_method_id, capture_source_id, lifecycle_stage_id, suburb_locality_id, town_city_id, territorial_authority_id, begin_lifespan, end_lifespan, shape, last_modified) VALUES (1051, 10051, 5, 1001, 1, 104, 1002, 10002, '2018-02-02 09:00:00', NULL, '010300002091080000010000004C000000EC56E803C5AA3C41B9E3E89747315541D17DD63BC5AA3C41320D1A9F47315541B5071076C5AA3C41EC3A0CA547315541E98323B2C5AA3C4133D7B3A94731554125E69BEFC5AA3C4164D007AD47315541656B012EC6AA3C4190AA01AF47315541C181DA6CC6AA3C41388C9DAF47315541D8B6ACABC6AA3C419145DAAE4731554188A5FDE9C6AA3C412853B9AC4731554159E45327C7AA3C41A6DA3EA9473155418BF23763C7AA3C41FBA271A4473155414820359DC7AA3C410D075B9E473155417D72DAD4C7AA3C4194E3069747315541F27EBB09C8AA3C41C77F838E47315541323F713BC8AA3C41D571E1844731554160D99A69C8AA3C415D7E337A47315541ED5CDE93C8AA3C4101748E6E473155417572E9B9C8AA3C41C902096247315541C4FA71DBC8AA3C41D98FBB5447315541D1A036F8C8AA3C411506C04647315541B957FF0FC9AA3C419CA3313847315541A8C89D22C9AA3C419AC42C29473155416DADED2FC9AA3C4100ACCE19473155414716D537C9AA3C41BB4A350A47315541BD9C443AC9AA3C4124057FFA463155414D823737C9AA3C41D377CAEA463155417FB8B32EC9AA3C41273C36DB4631554178D6C920C9AA3C4173ACE0CB46315541C9F7940DC9AA3C41E6A8E7BC463155413C883AF5C8AA3C41775D68AE463155412FFAE9D7C8AA3C41EA087FA046315541FA6ADCB5C8AA3C41CDC54693463155413333548FC8AA3C41C755D9864631554151659C64C8AA3C413CEF4E7B463155410F3C0836C8AA3C414E0EBE70463155410077F203C8AA3C41F7483B674631554142ABBCCEC7AA3C41D826D95E463155419526E7A5C7AA3C414969725946315541BCD3196EC7AA3C4122DB1C5246315541C54DF433C7AA3C410BB5054C46315541CCDEE7F7C6AA3C41D3D4384746315541A98469BAC6AA3C41AB94BF4346315541F60EF17BC6AA3C4113B9A041463155418333F83CC6AA3C41B863E040463155411AA3F9FDC5AA3C415E0B8041463155416E1970BFC5AA3C41F7787E4346315541DB6DD581C5AA3C41F6C9D74646315541AEA6A145C5AA3C411A78854B46315541180F4A0BC5AA3C41EC657E5146315541005240D3C4AA3C418DF0B65846315541BD9DF19DC4AA3C4180062161463155412BCEC56BC4AA3C41EA42AC6A463155412EA31E3DC4AA3C418B0D467546315541C4015712C4AA3C4124BFD980463155413143C2EBC3AA3C417CC9508D463155416A92ABC9C3AA3C4167E3929A46315541A45955ACC3AA3C411E3886A84631554172C1F893C3AA3C4191990FB7463155419140C580C3AA3C415AB512C646315541C63FE072C3AA3C41D84B72D54631554191D1646AC3AA3C414F6910E546315541267C6367C3AA3C412CA0CEF446315541BD1AE269C3AA3C413B448E044731554122D1DB71C3AA3C41B1A63014473155411E15417FC3AA3C419651972347315541ACCDF791C3AA3C415643A43247315541F684DBA9C3AA3C4147293A414731554178AFBDC6C3AA3C4182983C4F47315541460766E8C3AA3C419D45905C47315541C1F8920EC4AA3C4177391B69473155417223FA38C4AA3C414104C57447315541D4E94867C4AA3C419BEC767F4731554135132599C4AA3C41401C1C8947315541E27A2DCEC4AA3C4172C8A1914731554138E92AFDC4AA3C41B9E3E89747315541EC56E803C5AA3C41B9E3E89747315541', NULL);
INSERT INTO buildings.building_outlines (building_outline_id, building_id, capture_method_id, capture_source_id, lifecycle_stage_id, suburb_locality_id, town_city_id, territorial_authority_id, begin_lifespan, end_lifespan, shape, last_modified) VALUES (1052, 10052, 5, 1001, 1, 104, 1002, 10002, '2018-02-02 09:00:00', NULL, '010300002091080000010000004B0000002CB36BE9C8AA3C414739D8D044315541A0D534E1C8AA3C41B8B494CF443155419125D685C8AA3C41CEA069C64431554165D9BC4CC8AA3C4124D2F8C244315541D8FFAD12C8AA3C41F525C0C044315541FA0A14D8C7AA3C41E1AEC3BF44315541076C5A9DC7AA3C41C93B05C044315541F4CDEC62C7AA3C41835484C144315541F5503629C7AA3C41A33A3EC44431554107C5A0F0C6AA3C41A6EE2DC84431554180E893B9C6AA3C41FE384CCD44315541CBA97484C6AA3C4143B78FD344315541346EA451C6AA3C419FEDECDA44315541B75F8021C6AA3C41A25B56E344315541B7C160F4C5AA3C411195BCEC44315541424F98CAC5AA3C41525E0EF744315541BCA373A4C5AA3C41C4CB3802453155411CAE3882C5AA3C41BE64270E4531554196302664C5AA3C41C548C41A45315541004E734AC5AA3C41E057F8274531554155244F35C5AA3C41FB5CAB35453155414D76E024C5AA3C41173AC44345315541B9644519C5AA3C41A516295245315541FF369312C5AA3C41A18EBF6045315541A933D610C5AA3C412DE36C6F45315541ED8A1114C5AA3C41662B167E45315541CC4F3F1CC5AA3C41E785A08C4531554150835029C5AA3C41EF49F19A4531554190302D3BC5AA3C417838EEA8453155417797B451C5AA3C41FDAB7DB6453155412E6ABD6CC5AA3C41DBC786C3453155419917168CC5AA3C41AAA5F1CF45315541F12685AFC5AA3C412E81A7DB453155411EA1C9D6C5AA3C41FAE192E64531554185879B01C6AA3C41E9C29FF0453155410D58AC2FC6AA3C41C5B6BBF94531554152D90B61C6AA3C411D57840246315541D12D4B95C6AA3C413602310A463155417E8A04CCC6AA3C4143C4B210463155418050CD04C7AA3C41D5EFFC1546315541B8DD363FC7AA3C419636051A46315541D663CF7AC7AA3C4144BDC31C463155417EC622B7C7AA3C413B2B331E46315541EE7CBBF3C7AA3C418EB4501E46315541A9772330C8AA3C41B11F1C1D46315541D405E56BC8AA3C41DAC5971A463155410ABB8BA6C8AA3C416F8EC816463155410A52A5DFC8AA3C4180E5B511463155412A8BC216C9AA3C4138AD690B46315541F404784BC9AA3C41B52AF003463155412D0E5F7DC9AA3C4113EE57FB45315541D46C16ACC9AA3C411BB6B1F1453155415F1C43D7C9AA3C41834F10E745315541C0FE90FEC9AA3C417C7088DB453155414B80B321CAAA3C412B9030CF45315541B02C6640CAAA3C4101BB20C245315541E2346D5ACAAA3C41D56372B4453155412CE3956FCAAA3C41553240A64531554103FEB67FCAAA3C4107CFA59745315541E718B18ACAAA3C417FADBF8845315541C3D06E90CAAA3C41E0D4AA79453155410EF6E490CAAA3C4144A7846A453155419AA2128CCAAA3C4195A86A5B453155413E3B0182CAAA3C410B457A4C45315541935DC472CAAA3C41B397D03D45315541D5B9795ECAAA3C41F3318A2F45315541B7D84845CAAA3C41B5E3C22145315541ACCE6227CAAA3C41388595144531554123DC0105CAAA3C41F4C21B084531554118FC68DEC9AA3C4140EB6DFC44315541E561E3B3C9AA3C415DBFA2F1443155419DE5C385C9AA3C41C546CFE74431554184646454C9AA3C416DA606DF44315541DA0F2520C9AA3C4154FB59D7443155412CB36BE9C8AA3C414739D8D044315541', NULL);
INSERT INTO buildings.building_outlines (building_outline_id, building_id, capture_method_id, capture_source_id, lifecycle_stage_id, suburb_locality_id, town_city_id, territorial_authority_id, begin_lifespan, end_lifespan, shape, last_modified) VALUES (1073, 10073, 5, 1001, 1, 104, 1002, 10002, '2018-02-02 09:00:00', NULL, '0103000020910800000100000011000000C8F8B8D4B4AA3C4170B3A42EF0305541848AA39BBBAA3C410E451D5DF0305541DAB38734BCAA3C41EF395EF8EE30554106F5C5DABDAA3C41AE9BAD03EF30554169FA806FBEAA3C4175E4A3A8ED305541D00D66A2BDAA3C41FA7425A3ED305541A6D75FD7BDAA3C41B3488927ED3055417ECA5604BAAA3C410FE64F0DED3055416C9B223ABAAA3C413DA9C98FEC305541D648A256B8AA3C414F39D682EC30554149DB0FDEB8AA3C41588ED646EB3055418CDD07EDB1AA3C41F7323D17EB30554172541049B1AA3C41711DD495EC3055410DB8E16DABAA3C416302AC6DEC305541866DC6EEAAAA3C418E054196ED3055419C826696B5AA3C41FEBC50DFED305541C8F8B8D4B4AA3C4170B3A42EF0305541', NULL);
INSERT INTO buildings.building_outlines (building_outline_id, building_id, capture_method_id, capture_source_id, lifecycle_stage_id, suburb_locality_id, town_city_id, territorial_authority_id, begin_lifespan, end_lifespan, shape, last_modified) VALUES (1074, 10074, 5, 1001, 1, 104, 1002, 10002, '2018-02-02 09:00:00', NULL, '010300002091080000010000000C0000003D09B615CFAA3C4179349387ED305541BF6A3BEAC6AA3C41118D0869ED30554147201E81C6AA3C4152B2EB2AEF3055413969A5C6CDAA3C4108B81A46EF305541DAA239F7CDAA3C4147FB2F76EE305541E31AFDC8CEAA3C41D3254079EE305541E4E51BBED0AA3C417D853183EE30554129D06524D0AA3C41AE4D6267F0305541A51AB0A0DEAA3C412B10F6B0F0305541438BCD99DFAA3C413DBA3FA0ED305541E5746428CFAA3C414798BA4CED3055413D09B615CFAA3C4179349387ED305541', NULL);
INSERT INTO buildings.building_outlines (building_outline_id, building_id, capture_method_id, capture_source_id, lifecycle_stage_id, suburb_locality_id, town_city_id, territorial_authority_id, begin_lifespan, end_lifespan, shape, last_modified) VALUES (1075, 10075, 5, 1001, 1, 104, 1002, 10002, '2018-02-02 09:00:00', NULL, '010300002091080000010000000500000069892AEAAAAA3C41C188E690FD305541DCBD2E32BFAA3C41A4868BBFFC305541E4D479DCBDAA3C41BD50E6ADFA30554171A07594A9AA3C41DA52417FFB30554169892AEAAAAA3C41C188E690FD305541', NULL);
INSERT INTO buildings.building_outlines (building_outline_id, building_id, capture_method_id, capture_source_id, lifecycle_stage_id, suburb_locality_id, town_city_id, territorial_authority_id, begin_lifespan, end_lifespan, shape, last_modified) VALUES (1076, 10076, 5, 1001, 1, 104, 1002, 10002, '2018-02-02 09:00:00', NULL, '0103000020910800000100000005000000D1A3770299AA3C41223BAC8D12315541D1A3770299AA3C416C06D678063155419A744E2C9DAA3C416C06D678063155419A744E2C9DAA3C41FC06288412315541D1A3770299AA3C41223BAC8D12315541', NULL);
INSERT INTO buildings.building_outlines (building_outline_id, building_id, capture_method_id, capture_source_id, lifecycle_stage_id, suburb_locality_id, town_city_id, territorial_authority_id, begin_lifespan, end_lifespan, shape, last_modified) VALUES (1053, 10053, 5, 1001, 1, 104, 1002, 10002, '2018-02-02 09:00:00', NULL, '010300002091080000010000004C000000CB7D38CDBFAA3C41956B444845315541039F1700C0AA3C41EDA32E4D4531554190D67B34C0AA3C41FE4FF850453155416E11FF69C0AA3C418A0E9A5345315541120D39A0C0AA3C41EABE0E5545315541F022C0D6C0AA3C41F78A5355453155417F162A0DC1AA3C41A3EC675445315541BEE30C43C1AA3C4115AF4D5245315541EA8DFF77C1AA3C41D5EA084F4531554180EC9AABC1AA3C414DFE9F4A453155418F737ADDC1AA3C41E5801B4545315541D8F73C0DC2AA3C41AA32863E45315541666C853AC2AA3C4109E7EC36453155413B97FB64C2AA3C411C6C5E2E453155411FBE4C8CC2AA3C41976DEB2445315541B0462CB0C2AA3C417E54A61A45315541B34C54D0C2AA3C411023A30F453155417A2986ECC2AA3C410A4EF7034531554186EE8A04C3AA3C419E92B9F74431554111D03318C3AA3C4150CA01EB4431554154805A27C3AA3C416DBCE8DD44315541847AE131C3AA3C41B5ED87D044315541DC3BB437C3AA3C41CC6EF9C244315541106CC738C3AA3C4154A957B544315541EBF21835C3AA3C41712CBDA74431554187FCAF2CC3AA3C412179449A44315541B4EB9C1FC3AA3C4196CE078D443155419239F90DC3AA3C41E6F6208044315541F143E7F7C2AA3C412D15A97344315541DA0A92DDC2AA3C411074B8674431554157DC2CBFC2AA3C41F756665C44315541A3F0F29CC2AA3C4142CCC85144315541BAF62677C2AA3C418982F447443155412992124EC2AA3C4165A0FC3E443155419ECC0522C2AA3C41E49EF23644315541887856F3C1AA3C41B227E62F44315541D58A5FC2C1AA3C416FF6E429443155419D69808FC1AA3C410CBEFA2444315541E5311C5BC1AA3C41FC11312144315541D3BEFB56C1AA3C41C4FAF1204431554154712523C1AA3C413A13E41D443155417F0173EEC0AA3C4154EEF61B44315541EEC648B9C0AA3C41F5362E1B4431554163FC0B84C0AA3C41636B8B1B44315541DC00224FC0AA3C411EDA0D1D44315541F994EF1AC0AA3C4156A3B21F44315541361CD8E7BFAA3C4158BE7423443155412EDF3CB6BFAA3C413E034D28443155418C527C86BFAA3C417738322E443155410463F158BFAA3C413E241935443155418AC8F22DBFAA3C4134A2F43C443155418B60D205BFAA3C414FBCB54544315541E892DCE0BEAA3C413EC74B4F44315541DABF57BFBEAA3C414B82A45944315541DEB983A1BEAA3C41F039AC6444315541194D9987BEAA3C419FED4D7044315541C6D1C971BEAA3C417C77737C443155419FCF3E60BEAA3C4199B6058944315541FCAD1953BEAA3C412ABBEC95443155416C74734ABEAA3C41DEF30FA344315541E19A5C46BEAA3C41CE5C56B044315541D2EADC46BEAA3C410CAFA6BD44315541CF6FF34BBEAA3C41DE90E7CA44315541D5799655BEAA3C41D3C5FFD74431554144AFB363BEAA3C41FD5ED6E44431554149303076BEAA3C415EEA52F144315541D8C9E88CBEAA3C4166A15DFD443155414C38B2A7BEAA3C414896DF08453155419B7A59C6BEAA3C41A4DFC21345315541A532A4E8BEAA3C4135C2F21D45315541F014510EBFAA3C4143D85B2745315541D1641837BFAA3C41B536EC2F45315541A07CAC62BFAA3C41098F933745315541E661BA90BFAA3C417F4E433E453155418F3DF7B7BFAA3C411D092C4545315541CB7D38CDBFAA3C41956B444845315541', NULL);
INSERT INTO buildings.building_outlines (building_outline_id, building_id, capture_method_id, capture_source_id, lifecycle_stage_id, suburb_locality_id, town_city_id, territorial_authority_id, begin_lifespan, end_lifespan, shape, last_modified) VALUES (1054, 10054, 5, 1001, 1, 104, 1002, 10002, '2018-02-02 09:00:00', NULL, '0103000020910800000100000049000000BC9756ABBAAA3C415EDC82AF44315541097FAFD5BAAA3C416188BFB4443155412A89B201BBAA3C411FE40AB9443155414EF6092FBBAA3C41BC915CBC443155419D6F5D5DBBAA3C41C419AEBE443155412BB3528CBBAA3C41E3F7FABF44315541D0438EBBBBAA3C417EA340C044315541251BB4EABBAA3C41E6947EBF443155418C5D6819BCAA3C412346B6BD44315541320C5047BCAA3C414530EBBA4431554163B71174BCAA3C4186C422B744315541DC2B569FBCAA3C419F6164B244315541401DC9C8BCAA3C41A745B9AC4431554101CA19F0BCAA3C41C97B2CA6443155411399FB14BDAA3C41F9C6CA9E44315541EBAE2637BDAA3C41E188A296443155413E795856BDAA3C4128A6C38D4431554130315472BDAA3C411E673F8444315541F451E38ABDAA3C416056287A44315541D501D69FBDAA3C41981C926F44315541CE7003B1BDAA3C41105A91644431554141274ABEBDAA3C41C77E3B59443155418B4790C7BDAA3C4168A0A64D44315541DEBFC3CCBDAA3C41854FE941443155414B6EDACDBDAA3C41666B1A3644315541EA33D2CABDAA3C4191F5502A44315541DCF8B0C3BDAA3C41F7E4A31E4431554165A184B8BDAA3C4143F929134431554169F262A9BDAA3C41778EF90744315541CC666996BDAA3C41597128FD43315541ECF6BC7FBDAA3C41FFB4CBF24331554177CF8965BDAA3C41CF89F7E84331554134FC0248BDAA3C410B16BFDF43315541D6036227BDAA3C419F5034D743315541F078E603BDAA3C410BDE67CF43315541CA7CD5DDBCAA3C4104F068C843315541D33979B5BCAA3C41DD2745C243315541DF9786A0BCAA3C41812A89BF4331554125315275BCAA3C41414A28BB43315541D13CC248BCAA3C41CFC2BBB7433155419AEA2C1BBCAA3C4155334AB5433155418C63EAECBBAA3C41CD55D8B343315541BD1F54BEBBAA3C416DF568B3433155412A39C48FBBAA3C41C0E9FCB343315541E8BD9461BBAA3C41851493B543315541CC001F34BBAA3C41386428B84331554153EEBA07BBAA3C41D6D9B7BB433155412461BEDCBAAA3C418E923AC0433155417D7C7CB3BAAA3C4111D5A7C543315541CE0B458CBAAA3C418122F5CB4331554107E86367BAAA3C419A4A16D343315541A4642045BAAA3C416E83FDDA433155419AC6BC25BAAA3C41F5839BE343315541D0C27509BAAA3C419BA1DFEC433155415C0A82F0B9AA3C419DF0B7F64331554126DF11DBB9AA3C419A66110144315541C9B74EC9B9AA3C4145FFD70B443155418EEE5ABBB9AA3C4161E3F61644315541A47F51B1B9AA3C41DB90582244315541A1D445ABB9AA3C418604E72D44315541659E43A9B9AA3C4190E48B3944315541D7BF4EABB9AA3C41BAAB304544315541F44463B1B9AA3C411DD5BE5044315541676B75BBB9AA3C415C07205C4431554100B971C9B9AA3C414D403E67443155411E213DDBB9AA3C4113FF0372443155415D39B5F0B9AA3C41156E5C7C44315541DE7BB009BAAA3C41288B3386443155412198FE25BAAA3C41104E768F4431554177CF6845BAAA3C41C3CD129844315541E45FB267BAAA3C417D62F89F443155410BF9988CBAAA3C417BC617A744315541BC9756ABBAAA3C415EDC82AF44315541', NULL);
INSERT INTO buildings.building_outlines (building_outline_id, building_id, capture_method_id, capture_source_id, lifecycle_stage_id, suburb_locality_id, town_city_id, territorial_authority_id, begin_lifespan, end_lifespan, shape, last_modified) VALUES (1055, 10055, 5, 1001, 1, 104, 1002, 10002, '2018-02-02 09:00:00', NULL, '010300002091080000010000004A0000009FD44DCBB5AA3C41BEA9443E4431554164A9DCF2B5AA3C41D3C80043443155413102F01DB6AA3C417196AD4844315541BCDFD34AB6AA3C419896644D4431554126CC3079B6AA3C41B4991C51443155411073ACA8B6AA3C41F760CE53443155414251EAD8B6AA3C4165AC745544315541B0698C09B7AA3C4148450C56443155415AFB333AB7AA3C414F04945544315541D83A826AB7AA3C41AED30C5444315541140B199AB7AA3C4196AD795144315541FBB39BC8B7AA3C414896DF4D44315541B397AFF5B7AA3C415192454944315541BFE2FC20B8AA3C41C498B443443155417B372F4AB8AA3C41F781373D443155418252F670B8AA3C4134F2DA35443155418DA60695B8AA3C414141AD2D4431554141F019B6B8AA3C414A5EBE244431554194BEEFD3B8AA3C41CAB01F1B44315541CFF04DEEB8AA3C41F5F6E3104431554147270105B9AA3C41B7201F0644315541E427DD17B9AA3C415F29E6FA433155415334BD26B9AA3C4145EE4EEF4331554133518431B9AA3C418A0470E343315541EC7E1D38B9AA3C41FE8C60D743315541A4E27B3AB9AA3C41E20638CB4331554193DE9A38B9AA3C4178220EBF43315541101C7E32B9AA3C418E92FAB243315541DC833128B9AA3C417FDE14A743315541A526C919B9AA3C415034749B433155419B166107B9AA3C41623B2F904331554167301DF1B8AA3C419FE85B854331554136D528D7B8AA3C4170530F7B433155415596B6B9B8AA3C41AE8C5D714331554189D2FF98B8AA3C41AB7759684331554181464475B8AA3C413EA5146043315541AD90C94EB8AA3C41A9319F5843315541FCAFEF40B8AA3C41249D3F564331554102228A16B8AA3C416BC6985043315541B3605EEAB7AA3C41FCB7DE4B433155412AE3BEBCB7AA3C41FB441A48433155413FD6008EB7AA3C41E475524543315541517E7B5EB7AA3C41C47B8C43433155415D93872EB7AA3C4111A6CB4243315541689C7EFEB6AA3C41D45C1143433155410E47BACEB6AA3C41E81D5D44433155413DC1939FB6AA3C41F87DAC464331554149126371B6AA3C41DD2CFB494331554128767E44B6AA3C41ECFD424E4331554110BD3919B6AA3C414BF37B53433155411CAFE5EFB5AA3C41F24C9C59433155419D74CFC8B5AA3C41C19A986043315541D60640A4B5AA3C4117D263684331554196A77B82B5AA3C41FF65EF70433155415F61C163B5AA3C4144622B7A433155414A924A48B5AA3C417C8906844331554182804A30B5AA3C4108756E8E43315541F0FAED1BB5AA3C416EB74F9943315541DE045B0BB5AA3C41C80096A4433155412B90B0FEB4AA3C4177442CB043315541E34106F6B4AA3C4191E0FCBB43315541D2476CF1B4AA3C4141C6F1C7433155411F39EBF0B4AA3C410AA3F4D343315541E00684F4B4AA3C412F0AEFDF4331554198F92FFCB4AA3C41E09ECAEB433155411DBFE007B5AA3C41C53D71F743315541C9838017B5AA3C418426CD02443155413D1CF22AB5AA3C411624C90D44315541923B1142B5AA3C41A3B4501844315541F7B6B25CB5AA3C41A32F50224431554164D6A47AB5AA3C41AEEAB42B44315541B4B1AF9BB5AA3C412F5C6D3444315541589895BFB5AA3C414F3C693C443155419FD44DCBB5AA3C41BEA9443E44315541', NULL);
INSERT INTO buildings.building_outlines (building_outline_id, building_id, capture_method_id, capture_source_id, lifecycle_stage_id, suburb_locality_id, town_city_id, territorial_authority_id, begin_lifespan, end_lifespan, shape, last_modified) VALUES (1056, 10056, 5, 1001, 1, 104, 1002, 10002, '2018-02-02 09:00:00', NULL, '0103000020910800000100000015000000EB666F38E8AA3C4142A1D61F57315541EDFD3E54EDAA3C41132F4B3A50315541B06BFFE0DDAA3C41AB2A2E834F315541847913D5D8AA3C41334B465356315541E733C1ACDEAA3C41F1DA8498563155414B2C0073DCAA3C416BD8AF9959315541FD3F1C07D0AA3C419B4178065931554139FA0CFCD2AA3C418FAC9908553155414C4B72F8D3AA3C419F8AA15C503155417A2B9EB4CFAA3C413CDA3A4E503155411ED576B8CEAA3C41644C0DF9543155412FC48758CBAA3C4192491BB05931554117936954DDAA3C4192FF0D7E5A315541601DC7DCDDAA3C4189C087BF59315541BDAA5069E2AA3C4142CB9FF359315541A9522FFAE2AA3C4147C4372959315541D071C112E2AA3C41A87CDD1E5931554138096BBBE2AA3C413071373358315541CBCBED02E2AA3C41A9B5F62A58315541977F80EDE2AA3C419D363AE356315541EB666F38E8AA3C4142A1D61F57315541', NULL);
INSERT INTO buildings.building_outlines (building_outline_id, building_id, capture_method_id, capture_source_id, lifecycle_stage_id, suburb_locality_id, town_city_id, territorial_authority_id, begin_lifespan, end_lifespan, shape, last_modified) VALUES (1057, 10057, 5, 1001, 1, 104, 1002, 10002, '2018-02-02 09:00:00', NULL, '01030000209108000001000000070000006F765261D7AA3C41052D8911673155414ED1B25BD7AA3C418E019D5367315541FBCCF60EDBAA3C4149E6A658673155413432654FDBAA3C41A5BF956364315541D97CD81DD2AA3C4149EA105764315541C2BC09E3D1AA3C41593C0E0A673155416F765261D7AA3C41052D891167315541', NULL);
INSERT INTO buildings.building_outlines (building_outline_id, building_id, capture_method_id, capture_source_id, lifecycle_stage_id, suburb_locality_id, town_city_id, territorial_authority_id, begin_lifespan, end_lifespan, shape, last_modified) VALUES (1058, 10058, 5, 1001, 1, 104, 1002, 10002, '2018-02-02 09:00:00', NULL, '010300002091080000010000003F0000005CEE27DAC6AA3C41BAC6212E6B3155410E56B5C8C6AA3C411E7F10256B315541807C2AB4C6AA3C414A5F691C6B3155418C67AF9CC6AA3C410C433D146B315541DDD67182C6AA3C4177169C0C6B3155415BEAA465C6AA3C41F1B694056B315541ACBE8046C6AA3C4141D634FF6A3155412B004225C6AA3C41B8DF88F96A31554143742902C6AA3C4151E09BF46A3155412B82C5F4C5AA3C41AABF18F36A315541E8142678C4AA3C41F65F0AF26A315541ED0D2158C4AA3C41CD2AE4F56A315541C68E8435C4AA3C4130E106FB6A315541CF1DD414C4AA3C416DA6E5006B315541786B4FF6C3AA3C41990A75076B31554163ED31DAC3AA3C41BA45A80E6B315541766AB2C0C3AA3C41A55071166B3155417E9002AAC3AA3C415000C11E6B315541E0924E96C3AA3C41402387276B315541DDD4BC85C3AA3C4152A1B2306B315541EA9E6D78C3AA3C41DB9C313A6B31554119DF7A6EC3AA3C418F95F1436B31554148F7F767C3AA3C41788CDF4D6B3155415C97F164C3AA3C410929E8576B315541F2A36D65C3AA3C41D4DEF7616B3155411C2B6B69C3AA3C418713FB6B6B3155411367E270C3AA3C413A45DE756B315541CCCBC47BC3AA3C415A308E7F6B3155418324FD89C3AA3C412FF5F7886B315541D1BC6F9BC3AA3C41D53C09926B3155415F96FAAFC3AA3C419F5CB09A6B31554128AB75C7C3AA3C41DD78DCA26B315541D73BB3E1C3AA3C4172A57DAA6B315541842880FEC3AA3C41F80485B16B3155413354A41DC4AA3C41B3E5E4B76B315541B412E33EC4AA3C4131DC90BD6B3155419C9EFB61C4AA3C4198DB7DC26B315541E896A986C4AA3C41194BA2C66B3155410A85A5ACC4AA3C41A118F6C96B315541D967A5D3C4AA3C4195C872CC6B3155417D435DFBC4AA3C417E8213CE6B315541C3B57F23C5AA3C41791AD5CE6B315541EE8CBE4BC5AA3C415E17B6CE6B315541BA5FCB73C5AA3C4189B5B6CD6B3155418826589BC5AA3C418CE6D8CB6B315541DBD217C2C5AA3C41684D20C96B3155415AE6BEE7C5AA3C412F3792C56B315541C704040CC6AA3C411C9135C16B3155411984A02EC6AA3C41B9DA12BC6B31554110F5504FC6AA3C41861534B66B31554167A7D56DC6AA3C415BB1A4AF6B3155417C25F389C6AA3C412F7671A86B31554169A872A3C6AA3C41446BA8A06B315541618222BAC6AA3C41A3BB58986B315541FF7FD6CDC6AA3C41B498928F6B315541023E68DEC6AA3C41A11A67866B315541F573B7EBC6AA3C410E1FE87C6B315541C633AAF5C6AA3C41652628736B315541971B2DFCC6AA3C41712F3A696B315541837B33FFC6AA3C41E092315F6B315541ED6EB7FEC6AA3C4115DD21556B315541F2D1C1FDC6AA3C415BAABB516B3155415CEE27DAC6AA3C41BAC6212E6B315541', NULL);
INSERT INTO buildings.building_outlines (building_outline_id, building_id, capture_method_id, capture_source_id, lifecycle_stage_id, suburb_locality_id, town_city_id, territorial_authority_id, begin_lifespan, end_lifespan, shape, last_modified) VALUES (1059, 10059, 5, 1001, 1, 104, 1002, 10002, '2018-02-02 09:00:00', NULL, '0103000020910800000100000013000000E77B1D96B2AA3C41AD6256E56A315541B39EB5DCD7AA3C413AEED0FF6A315541A46B470AD8AA3C41D0543C6167315541235A3C23D3AA3C41A1C1605D673155418E5A1FFFD2AA3C41224BAE3B6A3155411D17FEA6BBAA3C41D8C34F296A315541B38982AFBBAA3C41C5E61F7C693155415DD86084B8AA3C41FCA1A17969315541819564A2B8AA3C413F9C55176731554102A2FD8EC0AA3C4152EE002067315541D3126D90C0AA3C4152171F76673155411B9DD255D0AA3C41B173EA7167315541EB62264CD0AA3C41DCD58C2D6531554177C4F882C1AA3C4108377E31653155419B3B3C94C1AA3C419F7403356431554140321D22B8AA3C415FFDAD2A64315541FBA6B81BB8AA3C41AF5F2C8864315541CF8570E6B2AA3C41323C138464315541E77B1D96B2AA3C41AD6256E56A315541', NULL);
INSERT INTO buildings.building_outlines (building_outline_id, building_id, capture_method_id, capture_source_id, lifecycle_stage_id, suburb_locality_id, town_city_id, territorial_authority_id, begin_lifespan, end_lifespan, shape, last_modified) VALUES (1060, 10060, 5, 1001, 1, 104, 1002, 10002, '2018-02-02 09:00:00', NULL, '010300002091080000010000000B00000098990440AAAA3C41CFA65F8A72315541F3FF4F0BB7AA3C41126B2F126D3155416B4A70C2ADAA3C417865B0B66B315541070508F0A7AA3C417392D6336E3155417143846E99AA3C414B3AED146C3155413254284493AA3C4188D9ACB76E315541665A0FE8A2AA3C4125820A01713155417D51CCA49DAA3C4183D8FE40733155417A858937AFAA3C4189991ED175315541187D81A9B3AA3C415250A3EA7331554198990440AAAA3C41CFA65F8A72315541', NULL);
INSERT INTO buildings.building_outlines (building_outline_id, building_id, capture_method_id, capture_source_id, lifecycle_stage_id, suburb_locality_id, town_city_id, territorial_authority_id, begin_lifespan, end_lifespan, shape, last_modified) VALUES (1061, 10061, 5, 1001, 1, 104, 1002, 10002, '2018-02-02 09:00:00', NULL, '010300002091080000010000000700000003D1B41EC8AA3C41F330DF347031554147F0B7BCC2AA3C419D8EF8BE723155412E46136FCAAA3C41EF4700C473315541E2F75F2ED7AA3C41B9E775C06D31554196B886ACCEAA3C416631F19F6C3155419EE7364FC7AA3C41F23362197031554103D1B41EC8AA3C41F330DF3470315541', NULL);
INSERT INTO buildings.building_outlines (building_outline_id, building_id, capture_method_id, capture_source_id, lifecycle_stage_id, suburb_locality_id, town_city_id, territorial_authority_id, begin_lifespan, end_lifespan, shape, last_modified) VALUES (1062, 10062, 5, 1001, 1, 104, 1002, 10002, '2018-02-02 09:00:00', NULL, '010300002091080000010000001A00000070F7E6DEBDAA3C410F91E4F41E3155411B5FDE0BC0AA3C411E48C30C1F31554185965442C0AA3C41D0E256BD1E315541732D9CABC6AA3C410D7BCE6315315541EB4DF3C2B6AA3C410D9643B514315541705B7CFCB2AA3C416D09B1361A3155415743A0539FAA3C41E960FF5E193155412625355A8EAA3C41F8EC10203231554195CD4502A6AA3C41049D9C23333155415961E19F9FAA3C4158BE19733C315541A4000F62B4AA3C41C4DED9563D3155412FE5D799B7AA3C41EB947FA5383155416678FDE8B9AA3C41D04DD5BE38315541652DECA4BCAA3C416F9BABD634315541F49A47E6BAAA3C411FFD27C734315541AA65E76EC0AA3C41F07ADF1C2D31554192FBA902D0AA3C41C6E7C6C72D31554172AF8248CFAA3C41953840D72E315541141946C2E2AA3C41D12AEDAC2F3155414FF344D0E3AA3C4139D72E232E31554106E7DF26DDAA3C41273918DA2D315541C3A23B26E1AA3C414A70B20528315541383701AAC4AA3C411B472CCD26315541C5F43147C3AA3C4149869AD228315541A73EF373B7AA3C419652DD502831554170F7E6DEBDAA3C410F91E4F41E315541', NULL);
INSERT INTO buildings.building_outlines (building_outline_id, building_id, capture_method_id, capture_source_id, lifecycle_stage_id, suburb_locality_id, town_city_id, territorial_authority_id, begin_lifespan, end_lifespan, shape, last_modified) VALUES (1063, 10063, 5, 1001, 1, 104, 1002, 10002, '2018-02-02 09:00:00', NULL, '0103000020910800000100000005000000A5AFCEB66FAA3C41AC40FA76F6305541DD42509576AA3C4108A32893F6305541D59EC3F676AA3C418BEF1917F5305541950B421870AA3C412F8DEBFAF4305541A5AFCEB66FAA3C41AC40FA76F6305541', NULL);
INSERT INTO buildings.building_outlines (building_outline_id, building_id, capture_method_id, capture_source_id, lifecycle_stage_id, suburb_locality_id, town_city_id, territorial_authority_id, begin_lifespan, end_lifespan, shape, last_modified) VALUES (1064, 10064, 5, 1001, 1, 104, 1002, 10002, '2018-02-02 09:00:00', NULL, '010300002091080000010000000F0000002F58AA2278AA3C41A966EC1EF83055410262228D77AA3C4190AAC128F93055412CC5037675AA3C410D97F115F930554180E6710875AA3C417E06BCD8F9305541A433C00176AA3C4134C77FE1F93055412D4616F374AA3C4123DFADC2FB3055410ECDA61A77AA3C41E1F311D6FB305541EC1E75EA76AA3C41399BBF2BFC305541B0C421217CAA3C410DADAB5AFC305541632EDA527CAA3C41EC624702FC3055410602DC407EAA3C415D73A513FC305541ABDAB87A7FAA3C41A50EABE5F93055416D681AAA7CAA3C41A17C55CCF93055418F967A807DAA3C41DBB8384FF83055412F58AA2278AA3C41A966EC1EF8305541', NULL);
INSERT INTO buildings.building_outlines (building_outline_id, building_id, capture_method_id, capture_source_id, lifecycle_stage_id, suburb_locality_id, town_city_id, territorial_authority_id, begin_lifespan, end_lifespan, shape, last_modified) VALUES (1065, 10065, 5, 1001, 1, 104, 1002, 10002, '2018-02-02 09:00:00', NULL, '01030000209108000001000000070000001D11876E98AA3C41F9C79396F330554102E055179BAA3C4133A6629DF33055410DCCD7259BAA3C41EBA2B642F3305541025873BC9BAA3C411E313844F3305541E2C16CD49BAA3C416C5B61AEF23055410767029598AA3C41FEEE10A6F23055411D11876E98AA3C41F9C79396F3305541', NULL);
INSERT INTO buildings.building_outlines (building_outline_id, building_id, capture_method_id, capture_source_id, lifecycle_stage_id, suburb_locality_id, town_city_id, territorial_authority_id, begin_lifespan, end_lifespan, shape, last_modified) VALUES (1068, 10068, 5, 1001, 1, 104, 1002, 10002, '2018-02-02 09:00:00', NULL, '010300002091080000010000000500000026CD2FC5A6AA3C4135F07BDCE8305541C1BF4497A1AA3C418EB3F627EA30554178CA00BCA5AA3C413CB62531EB305541DDD7EBE9AAAA3C41E3F2AAE5E930554126CD2FC5A6AA3C4135F07BDCE8305541', NULL);
INSERT INTO buildings.building_outlines (building_outline_id, building_id, capture_method_id, capture_source_id, lifecycle_stage_id, suburb_locality_id, town_city_id, territorial_authority_id, begin_lifespan, end_lifespan, shape, last_modified) VALUES (1077, 10077, 5, 1001, 1, 104, 1002, 10002, '2018-02-02 09:00:00', NULL, '0103000020910800000100000013000000AB04D8DFC4AA3C41FDF3D3C511315541AB04D8DFC4AA3C410C2875CD0F315541406D89F8CAAA3C410C2875CD0F315541406D89F8CAAA3C4101952F0E0E315541122173FBC3AA3C4101952F0E0E315541122173FBC3AA3C410349DF140B315541A69C78D2CAAA3C410349DF140B315541A69C78D2CAAA3C41EB5B50D109315541D4D53A11D1AA3C41EB5B50D109315541D4D53A11D1AA3C412A7D631E0B315541368A761FD6AA3C412A7D631E0B315541368A761FD6AA3C412B57BBA109315541F764E6B1E4AA3C412B57BBA109315541F764E6B1E4AA3C41DC27AFC90B315541C83E7831DFAA3C41DC27AFC90B315541C83E7831DFAA3C41CEE0B9030D315541F764E6B1E4AA3C41CEE0B9030D315541F764E6B1E4AA3C41B18BCBB211315541AB04D8DFC4AA3C41FDF3D3C511315541', NULL);
INSERT INTO buildings.building_outlines (building_outline_id, building_id, capture_method_id, capture_source_id, lifecycle_stage_id, suburb_locality_id, town_city_id, territorial_authority_id, begin_lifespan, end_lifespan, shape, last_modified) VALUES (1078, 10078, 5, 1001, 1, 104, 1002, 10002, '2018-02-02 09:00:00', NULL, '0103000020910800000100000005000000CE0DBBFC55AA3C417563E680103155418E7144137CAA3C41B44A1E6A103155418E7144137CAA3C41ED79C86107315541CE0DBBFC55AA3C41ED79C86107315541CE0DBBFC55AA3C417563E68010315541', NULL);
INSERT INTO buildings.building_outlines (building_outline_id, building_id, capture_method_id, capture_source_id, lifecycle_stage_id, suburb_locality_id, town_city_id, territorial_authority_id, begin_lifespan, end_lifespan, shape, last_modified) VALUES (1079, 10079, 5, 1001, 1, 104, 1002, 10002, '2018-02-02 09:00:00', NULL, '0103000020910800000100000005000000A74CACD7B0AA3C41410DF5A37A315541352794C5B5AA3C41CDB41D0D7B315541D7ABAC9BB6AA3C4154518B6C7A31554149D1C4ADB1AA3C41C8A962037A315541A74CACD7B0AA3C41410DF5A37A315541', NULL);
INSERT INTO buildings.building_outlines (building_outline_id, building_id, capture_method_id, capture_source_id, lifecycle_stage_id, suburb_locality_id, town_city_id, territorial_authority_id, begin_lifespan, end_lifespan, shape, last_modified) VALUES (1080, 10080, 5, 1001, 1, 104, 1002, 10002, '2018-02-02 09:00:00', NULL, '0103000020910800000100000005000000461CCACAC4AA3C416AFA0D907B315541E2312F3BC7AA3C41617DAF497C315541DDFE6AE8C9AA3C41A776A1B97B31554142E90578C7AA3C41B0F3FFFF7A315541461CCACAC4AA3C416AFA0D907B315541', NULL);
INSERT INTO buildings.building_outlines (building_outline_id, building_id, capture_method_id, capture_source_id, lifecycle_stage_id, suburb_locality_id, town_city_id, territorial_authority_id, begin_lifespan, end_lifespan, shape, last_modified) VALUES (1081, 10081, 5, 1001, 1, 104, 1002, 10002, '2018-02-02 09:00:00', NULL, '010300002091080000010000000500000091B17D7B67AA3C4155905697E6305541B26160B96AAA3C41308AB9C1E6305541E3FB46486BAA3C41A9FCDB12E630554113EC600968AA3C416CC36BE8E530554191B17D7B67AA3C4155905697E6305541', NULL);
INSERT INTO buildings.building_outlines (building_outline_id, building_id, capture_method_id, capture_source_id, lifecycle_stage_id, suburb_locality_id, town_city_id, territorial_authority_id, begin_lifespan, end_lifespan, shape, last_modified) VALUES (1082, 10082, 5, 1001, 1, 104, 1002, 10002, '2018-02-02 09:00:00', NULL, '010300002091080000010000000B0000008954EFE300AB3C41EC0C09A64431554197F4332D00AB3C4199BB37CD45315541799387F004AB3C41C2DF64FC453155419139FA9A04AB3C41C7FC97864631554101DF42C709AB3C413DB4D4B94631554159FEEAE108AB3C41B3F94E2C483155410597B2C40EAB3C41EF449B66483155415ECE631D0FAB3C41B29E55D7473155411B808C8413AB3C4120DCF10248315541F4E67B1D15AB3C410F715B6E453155418954EFE300AB3C41EC0C09A644315541', NULL);
INSERT INTO buildings.building_outlines (building_outline_id, building_id, capture_method_id, capture_source_id, lifecycle_stage_id, suburb_locality_id, town_city_id, territorial_authority_id, begin_lifespan, end_lifespan, shape, last_modified) VALUES (1083, 10083, 5, 1001, 1, 104, 1002, 10002, '2018-02-02 09:00:00', NULL, '010300002091080000010000001200000094FD129A0BAB3C411B303EE7443155414B7089E90EAB3C414E8BB1C73F3155415DE4A7FD11AB3C41410BD7D23A315541B57C455627AB3C41318DFAA63B315541F56663D22AAB3C4161E1B00A3631554151BCBDB303AB3C415D06EB8534315541F924940104AB3C412FF4990834315541E79E8DD1FAAA3C41CC744BAD333155416C48462DFAAA3C413095C7B5343155417DFEC635F7AA3C41B0AD4B983431554124E40EECF4AA3C4115434A47383155417C7B5FB9F8AA3C411718136D383155416BAFA6E1F5AA3C4181AFB0003D315541A5A5DB0CF2AA3C4145899DDA3C315541599EB1F9F0AA3C4122989F953E315541F1D7EB85F9AA3C41C7B720F33E3155415B23DA3BF6AA3C41E181540A4431554194FD129A0BAB3C411B303EE744315541', NULL);
INSERT INTO buildings.building_outlines (building_outline_id, building_id, capture_method_id, capture_source_id, lifecycle_stage_id, suburb_locality_id, town_city_id, territorial_authority_id, begin_lifespan, end_lifespan, shape, last_modified) VALUES (1801, 18001, 5, 1001, 1, 104, 1004, 10002, '2018-02-02 09:00:00', NULL, '0103000020910800000100000009000000A15070860CAB3C41AE0CF9E72C31554165D1602912AB3C41128213362C3155412584473E13AB3C413B2073C22C3155419A8A05FE1AAB3C415DF5E0CD2B3155416C7F0A3E16AB3C417DB17165293155412C1FB5CC0EAB3C418F2659502A31554170B5F6C30FAB3C41BD82B1CD2A3155417D8E9DD209AB3C4126C341892B315541A15070860CAB3C41AE0CF9E72C315541', NULL);
INSERT INTO buildings.building_outlines (building_outline_id, building_id, capture_method_id, capture_source_id, lifecycle_stage_id, suburb_locality_id, town_city_id, territorial_authority_id, begin_lifespan, end_lifespan, shape, last_modified) VALUES (1802, 18002, 5, 1001, 1, 104, 1004, 10002, '2018-02-02 09:00:00', NULL, '01030000209108000001000000050000008E5134C6FEAA3C41A4BE1CC5233155413B932E5303AB3C419C0CC45524315541A3EEF59410AB3C41E06A83A91D31554102ADFB070CAB3C41E61CDC181D3155418E5134C6FEAA3C41A4BE1CC523315541', NULL);
INSERT INTO buildings.building_outlines (building_outline_id, building_id, capture_method_id, capture_source_id, lifecycle_stage_id, suburb_locality_id, town_city_id, territorial_authority_id, begin_lifespan, end_lifespan, shape, last_modified) VALUES (1803, 18003, 5, 1001, 1, 104, 1004, 10002, '2018-02-02 09:00:00', NULL, '01030000209108000001000000050000002679B8AF03AB3C41E822D558243155411D387DE707AB3C418DADE2DE243155417571818B10AB3C418F434D85203155417AB2BC530CAB3C41E8B83FFF1F3155412679B8AF03AB3C41E822D55824315541', NULL);
INSERT INTO buildings.building_outlines (building_outline_id, building_id, capture_method_id, capture_source_id, lifecycle_stage_id, suburb_locality_id, town_city_id, territorial_authority_id, begin_lifespan, end_lifespan, shape, last_modified) VALUES (1804, 18004, 5, 1001, 1, 104, 1004, 10002, '2018-02-02 09:00:00', NULL, '0103000020910800000100000005000000E98381D8F8AA3C41D5454CAF233155414D22583BFCAA3C41502FCC1E24315541FA7EB05905AB3C41A0968BB01F31554195E0D9F601AB3C4125AD0B411F315541E98381D8F8AA3C41D5454CAF23315541', NULL);
INSERT INTO buildings.building_outlines (building_outline_id, building_id, capture_method_id, capture_source_id, lifecycle_stage_id, suburb_locality_id, town_city_id, territorial_authority_id, begin_lifespan, end_lifespan, shape, last_modified) VALUES (1805, 18005, 5, 1001, 1, 104, 1004, 10002, '2018-02-02 09:00:00', NULL, '010300002091080000010000000500000070C9E46B0DAB3C4137D4856322315541D0EAC83211AB3C41C79978D722315541F0A829AF13AB3C4131B0CC8B213155418F8745E80FAB3C41A1EAD9172131554170C9E46B0DAB3C4137D4856322315541', NULL);
INSERT INTO buildings.building_outlines (building_outline_id, building_id, capture_method_id, capture_source_id, lifecycle_stage_id, suburb_locality_id, town_city_id, territorial_authority_id, begin_lifespan, end_lifespan, shape, last_modified) VALUES (1806, 18006, 5, 1001, 1, 104, 1004, 10002, '2018-02-02 09:00:00', NULL, '01030000209108000001000000050000003E34AD6B01AB3C41CB4ED2131F3155419411572906AB3C419A016DAD1F315541C6EDCAA00BAB3C418C8E56FA1C3155416C1021E306AB3C41BDDBBB601C3155413E34AD6B01AB3C41CB4ED2131F315541', NULL);

-- buildings.building_use


-- buildings.lifecycle

INSERT INTO buildings.lifecycle (lifecycle_id, parent_building_id, building_id) VALUES (1000000, 10032, 1000002);
INSERT INTO buildings.lifecycle (lifecycle_id, parent_building_id, building_id) VALUES (1000001, 10033, 1000002);
INSERT INTO buildings.lifecycle (lifecycle_id, parent_building_id, building_id) VALUES (1000002, 10032, 1000003);
INSERT INTO buildings.lifecycle (lifecycle_id, parent_building_id, building_id) VALUES (1000003, 10033, 1000003);
INSERT INTO buildings.lifecycle (lifecycle_id, parent_building_id, building_id) VALUES (1000004, 10031, 1000004);
INSERT INTO buildings.lifecycle (lifecycle_id, parent_building_id, building_id) VALUES (1000005, 10031, 1000005);
INSERT INTO buildings.lifecycle (lifecycle_id, parent_building_id, building_id) VALUES (1000006, 10031, 1000006);
INSERT INTO buildings.lifecycle (lifecycle_id, parent_building_id, building_id) VALUES (1000007, 10031, 1000007);
INSERT INTO buildings.lifecycle (lifecycle_id, parent_building_id, building_id) VALUES (1000008, 10031, 1000008);
INSERT INTO buildings.lifecycle (lifecycle_id, parent_building_id, building_id) VALUES (1000009, 10031, 1000009);
INSERT INTO buildings.lifecycle (lifecycle_id, parent_building_id, building_id) VALUES (1000010, 10030, 1000010);
INSERT INTO buildings.lifecycle (lifecycle_id, parent_building_id, building_id) VALUES (1000011, 10030, 1000011);
INSERT INTO buildings.lifecycle (lifecycle_id, parent_building_id, building_id) VALUES (1000012, 10030, 1000012);
INSERT INTO buildings.lifecycle (lifecycle_id, parent_building_id, building_id) VALUES (1000013, 10030, 1000013);
INSERT INTO buildings.lifecycle (lifecycle_id, parent_building_id, building_id) VALUES (1000014, 10030, 1000014);
INSERT INTO buildings.lifecycle (lifecycle_id, parent_building_id, building_id) VALUES (1000015, 10029, 1000015);
INSERT INTO buildings.lifecycle (lifecycle_id, parent_building_id, building_id) VALUES (1000016, 10029, 1000016);
INSERT INTO buildings.lifecycle (lifecycle_id, parent_building_id, building_id) VALUES (1000017, 10029, 1000017);
INSERT INTO buildings.lifecycle (lifecycle_id, parent_building_id, building_id) VALUES (1000018, 10029, 1000018);
INSERT INTO buildings.lifecycle (lifecycle_id, parent_building_id, building_id) VALUES (1000019, 10028, 1000019);
INSERT INTO buildings.lifecycle (lifecycle_id, parent_building_id, building_id) VALUES (1000020, 10028, 1000020);
INSERT INTO buildings.lifecycle (lifecycle_id, parent_building_id, building_id) VALUES (1000021, 10028, 1000021);
INSERT INTO buildings.lifecycle (lifecycle_id, parent_building_id, building_id) VALUES (1000022, 10027, 1000022);
INSERT INTO buildings.lifecycle (lifecycle_id, parent_building_id, building_id) VALUES (1000023, 10027, 1000023);
INSERT INTO buildings.lifecycle (lifecycle_id, parent_building_id, building_id) VALUES (1000024, 10021, 1000024);
INSERT INTO buildings.lifecycle (lifecycle_id, parent_building_id, building_id) VALUES (1000025, 10022, 1000024);
INSERT INTO buildings.lifecycle (lifecycle_id, parent_building_id, building_id) VALUES (1000026, 10023, 1000024);
INSERT INTO buildings.lifecycle (lifecycle_id, parent_building_id, building_id) VALUES (1000027, 10024, 1000024);
INSERT INTO buildings.lifecycle (lifecycle_id, parent_building_id, building_id) VALUES (1000028, 10025, 1000024);
INSERT INTO buildings.lifecycle (lifecycle_id, parent_building_id, building_id) VALUES (1000029, 10026, 1000024);
INSERT INTO buildings.lifecycle (lifecycle_id, parent_building_id, building_id) VALUES (1000030, 10016, 1000025);
INSERT INTO buildings.lifecycle (lifecycle_id, parent_building_id, building_id) VALUES (1000031, 10017, 1000025);
INSERT INTO buildings.lifecycle (lifecycle_id, parent_building_id, building_id) VALUES (1000032, 10018, 1000025);
INSERT INTO buildings.lifecycle (lifecycle_id, parent_building_id, building_id) VALUES (1000033, 10019, 1000025);
INSERT INTO buildings.lifecycle (lifecycle_id, parent_building_id, building_id) VALUES (1000034, 10020, 1000025);
INSERT INTO buildings.lifecycle (lifecycle_id, parent_building_id, building_id) VALUES (1000035, 10012, 1000026);
INSERT INTO buildings.lifecycle (lifecycle_id, parent_building_id, building_id) VALUES (1000036, 10013, 1000026);
INSERT INTO buildings.lifecycle (lifecycle_id, parent_building_id, building_id) VALUES (1000037, 10014, 1000026);
INSERT INTO buildings.lifecycle (lifecycle_id, parent_building_id, building_id) VALUES (1000038, 10015, 1000026);
INSERT INTO buildings.lifecycle (lifecycle_id, parent_building_id, building_id) VALUES (1000039, 10009, 1000027);
INSERT INTO buildings.lifecycle (lifecycle_id, parent_building_id, building_id) VALUES (1000040, 10010, 1000027);
INSERT INTO buildings.lifecycle (lifecycle_id, parent_building_id, building_id) VALUES (1000041, 10011, 1000027);
INSERT INTO buildings.lifecycle (lifecycle_id, parent_building_id, building_id) VALUES (1000042, 10007, 1000028);
INSERT INTO buildings.lifecycle (lifecycle_id, parent_building_id, building_id) VALUES (1000043, 10008, 1000028);
