INSERT INTO buildings_bulk_load.supplied_datasets(supplied_dataset_id, description, supplier_id)
VALUES (DEFAULT, 'Test Complex Data', 1),
       (DEFAULT, 'Test Complex Data Two', 1);

-- insert building outlines for complex scenarios
INSERT INTO buildings.buildings(building_id, begin_lifespan, end_lifespan)
VALUES (10038, '2018-02-02 09:00:00 GMT+12', NULL),
       (10039, '2018-02-02 09:00:00 GMT+12', NULL),
       (10040, '2018-02-02 09:00:00 GMT+12', NULL),
       (10041, '2018-02-02 09:00:00 GMT+12', NULL),
       (10042, '2018-02-02 09:00:00 GMT+12', NULL),
       (10043, '2018-02-02 09:00:00 GMT+12', NULL),
       (10044, '2018-02-02 09:00:00 GMT+12', NULL),
       (10045, '2018-02-02 09:00:00 GMT+12', NULL),
       (10046, '2018-02-02 09:00:00 GMT+12', NULL),
       (10047, '2018-02-02 09:00:00 GMT+12', NULL),
       (10048, '2018-02-02 09:00:00 GMT+12', NULL),
       (10049, '2018-02-02 09:00:00 GMT+12', NULL),
       (10050, '2018-02-02 09:00:00 GMT+12', NULL),
       (10051, '2018-02-02 09:00:00 GMT+12', NULL),
       (10052, '2018-02-02 09:00:00 GMT+12', NULL),
       (10053, '2018-02-02 09:00:00 GMT+12', NULL),
       (10054, '2018-02-02 09:00:00 GMT+12', NULL),
       (10055, '2018-02-02 09:00:00 GMT+12', NULL),
       (10056, '2018-02-02 09:00:00 GMT+12', NULL),
       (10057, '2018-02-02 09:00:00 GMT+12', NULL),
       (10058, '2018-02-02 09:00:00 GMT+12', NULL),
       (10059, '2018-02-02 09:00:00 GMT+12', NULL),
       (10060, '2018-02-02 09:00:00 GMT+12', NULL),
       (10061, '2018-02-02 09:00:00 GMT+12', NULL),
       (10062, '2018-02-02 09:00:00 GMT+12', NULL),
       (10063, '2018-02-02 09:00:00 GMT+12', NULL),
       (10064, '2018-02-02 09:00:00 GMT+12', NULL),
       (10065, '2018-02-02 09:00:00 GMT+12', NULL),
       (10066, '2018-02-02 09:00:00 GMT+12', NULL),
       (10067, '2018-02-02 09:00:00 GMT+12', NULL),
       (10068, '2018-02-02 09:00:00 GMT+12', NULL),
       (10069, '2018-02-02 09:00:00 GMT+12', NULL),
       (10070, '2018-02-02 09:00:00 GMT+12', NULL),
       (10071, '2018-02-02 09:00:00 GMT+12', NULL),
       (10072, '2018-02-02 09:00:00 GMT+12', NULL),
       (10073, '2018-02-02 09:00:00 GMT+12', NULL),
       (10074, '2018-02-02 09:00:00 GMT+12', NULL),
       (10075, '2018-02-02 09:00:00 GMT+12', NULL),
       (10076, '2018-02-02 09:00:00 GMT+12', NULL),
       (10077, '2018-02-02 09:00:00 GMT+12', NULL),
       (10078, '2018-02-02 09:00:00 GMT+12', NULL),
       (10079, '2018-02-02 09:00:00 GMT+12', NULL),
       (10080, '2018-02-02 09:00:00 GMT+12', NULL),
       (10081, '2018-02-02 09:00:00 GMT+12', NULL),
       (10082, '2018-02-02 09:00:00 GMT+12', NULL),
       (10083, '2018-02-02 09:00:00 GMT+12', NULL);


INSERT INTO buildings.building_outlines (building_outline_id, building_id, capture_method_id, capture_source_id, lifecycle_stage_id, suburb_locality_id, town_city_id, territorial_authority_id, begin_lifespan, end_lifespan, shape)
VALUES (1038, 10038, 5, 1001, 1, 104, 1004, 10002, '2018-02-02 09:00:00 GMT+12', NULL, '01030000209108000001000000050000000437733CA6AA3C41319198124D315541BE4A5FD0ABAA3C413E36B0E94B3155418E7CB9BA9AAA3C41FCC5CD74463155415EDA703D95AA3C41233A38A3473155410437733CA6AA3C41319198124D315541'),
       (1039, 10039, 5, 1001, 1, 104, 1004, 10002, '2018-02-02 09:00:00 GMT+12', NULL, '010300002091080000010000004C000000DDEBE631C3AA3C41ACA3AE3E563155410A4D1250C3AA3C410DBA6B4456315541E7722070C3AA3C4181F07A49563155411CE9D291C3AA3C41A86BD24D563155419208E8B4C3AA3C41DCB569515631554155771BD9C3AA3C4130D039545631554194AD26FEC3AA3C41863F3D5656315541117FC123C4AA3C41B5177057563155418AA7A249C4AA3C41ED02D05756315541D859806FC4AA3C4147465C5756315541DCCF1095C4AA3C4136C315565631554178D90ABAC4AA3C41EAF5FE5356315541FA6B26DEC4AA3C4161F01B51563155410E2E1D01C5AA3C416352724D563155419F00AB22C5AA3C41C33E0949563155413D848E42C5AA3C414C4DE943563155416E978960C5AA3C41097A1C3E563155412BD1617CC5AA3C41EC11AE375631554147F1E095C5AA3C41A19CAA3056315541CB4AD5ACC5AA3C4156C41F29563155419B2412C1C5AA3C41DF3A1C2156315541351170D2C5AA3C41529DAF1856315541053ACDE0C5AA3C417455EA0F5631554157A30DECC5AA3C41C379DD0656315541AF601BF4C5AA3C4133AC9AFD553155416BC1E6F8C5AA3C41D4F733F455315541496E66FAC5AA3C41B6ADBBEA55315541B27B97F8C5AA3C41234144E1553155416C6F7DF3C5AA3C41A123E0D7553155413D3A22EBC5AA3C413AA1A1CE55315541192496DFC5AA3C419ABC9AC55531554120ACEFD0C5AA3C41150CDDBC55315541A15D4BBFC5AA3C41719779B455315541C497CBAAC5AA3C4189B680AC55315541BA4A9893C5AA3C41B2F101A55531554145AADE79C5AA3C414EE30B9E553155411AD5D05DC5AA3C41471BAC9755315541ED73A53FC5AA3C41E604EF9155315541104E971FC5AA3C4172CEDF8C55315541D5100B14C5AA3C414EE3478B55315541496A1DF3C4AA3C413150068755315541B3DEDAD0C4AA3C4171627C8355315541524D83ADC4AA3C41FBB2B08055315541CA995889C4AA3C411978A87E5531554184319E64C4AA3C41A57B677D55315541AB8D983FC4AA3C411A14F07C55315541D8B38C1AC4AA3C410620437D553155410CB5BFF5C3AA3C41A204607E55315541592D76D1C3AA3C41C6AE44805531554131C3F3ADC3AA3C41DC96ED82553155416BAA7A8BC3AA3C4172C7558655315541F2274B6AC3AA3C4187E6768A55315541211AA34AC3AA3C413241498F55315541B285BD2CC3AA3C414ADAC39455315541AB27D210C3AA3C41D57ADC9A55315541D70C15F7C2AA3C4151C587A155315541D631B6DFC2AA3C41BA4AB9A8553155414E28E1CAC2AA3C41F1A163B0553155411BC7BCB8C2AA3C417A8078B855315541F4E06AA9C2AA3C4136D5E8C0553155415D05089DC2AA3C419CE4A4C9553155411F4CAB93C2AA3C41DC659CD2553155415529668DC2AA3C4171A1BEDB553155418D4D448AC2AA3C410990FAE455315541CB8F4B8AC2AA3C4187FA3EEE553155414FE27B8DC2AA3C41EF997AF7553155419053CF93C2AA3C41A4379C0056315541FF173A9DC2AA3C4198CD92095631554154A1AAA9C2AA3C41DBA54D12563155419BBE09B9C2AA3C41F979BC1A5631554151C73ACBC2AA3C412291CF225631554117D11BE0C2AA3C41A7DD772A5631554118EF85F7C2AA3C41C918A731563155415C7A4D11C3AA3C41A3DD4F38563155412763422DC3AA3C41F1C1653E56315541DDEBE631C3AA3C41ACA3AE3E56315541'),
       (1040, 10040, 5, 1001, 1, 104, 1004, 10002, '2018-02-02 09:00:00 GMT+12', NULL, '0103000020910800000100000005000000CF801F64B0AA3C411FB2B148543155411BF2F078B9AA3C4164B00339533155411B23C001ADAA3C41F516498E4C315541CFB1EEECA3AA3C41B018F79D4D315541CF801F64B0AA3C411FB2B14854315541'),
       (1041, 10041, 5, 1001, 1, 104, 1004, 10002, '2018-02-02 09:00:00 GMT+12', NULL, '010300002091080000010000000900000004B783E7AAAA3C41E24B74F35B315541FFCA8C91C8AA3C41A9CB58E95C3155416F37779DB8AA3C41770127A15331554102BA71FDAFAA3C416D98578E543155410540CBB2B5AA3C41B3FD94E057315541EC5A10D7B6AA3C41841203C657315541AFC46ED7B7AA3C4178AAF05858315541C65434ABACAA3C416ADE6F085831554104B783E7AAAA3C41E24B74F35B315541'),
       (1042, 10042, 5, 1001, 1, 104, 1004, 10002, '2018-02-02 09:00:00 GMT+12', NULL, '010300002091080000010000004B0000006B7284E5C6AA3C4150719CAC583155412862F00FC7AA3C41584D1DB258315541DE271E3CC7AA3C41842CACB6583155415BB0B769C7AA3C416D2D40BA5831554117246498C7AA3C416657D2BC58315541AD93C8C7C7AA3C4127A85DBE5831554131A988F7C7AA3C417D1DDFBE58315541605C4727C8AA3C4128BB55BE5831554179A7A756C8AA3C41D88CC2BC58315541F53C4D85C8AA3C4119A428BA58315541833ADDB2C8AA3C4137128DB65831554168DBFEDEC8AA3C41B9DEF6B15831554118245C09C9AA3C4147F96EAC58315541AF8AA231C9AA3C417A2800A65831554124978357C9AA3C41DFF4B69E58315541797CB57AC9AA3C416990A19658315541DAA8F39AC9AA3C41FEBACF8D583155414E4AFFB7C9AA3C4186A35284583155410ACA9FD1C9AA3C41B0C63C7A58315541013AA3E7C9AA3C41C1CAA16F58315541AFB6DEF9C9AA3C41535996645831554153BA2E08CAAA3C4134F72F595831554162627712CAAA3C4145DA844D5831554166A5A418CAAA3C415FBEAB4158315541BD7AAA1ACAAA3C41FEB8BB35583155416CF18418CAAA3C41330CCC29583155412B383812CAAA3C416CF9F31D583155410395D007CAAA3C4118944A1258315541A84D62F9C9AA3C41AA94E60658315541867F09E7C9AA3C41712CDEFB57315541BEE9E9D0C9AA3C4145DA46F15731554187A62EB7C9AA3C419F4035E7573155411BD8099AC9AA3C418CFDBCDD573155416E46B479C9AA3C412C84F0D45731554199F06C56C9AA3C411FF9E0CC57315541E4927830C9AA3C41B7109EC5573155418A1F2108C9AA3C41D3F035BF57315541A22FB5DDC8AA3C41CA14B5B957315541EC6987B1C8AA3C419F3526B5573155418633A6A2C8AA3C413F67DCB357315541E2EDBD77C8AA3C418BC6D6B15731554158FA544CC8AA3C419D67AAB0573155410AFEAF20C8AA3C41602559B0573155410DFD13F5C7AA3C416D80E3B0573155418BEDC5C9C7AA3C41E99D48B257315541B0490A9FC7AA3C41254986B457315541FBA42475C7AA3C41F2F698B757315541D83F574CC7AA3C415DCB7BBB57315541F39FE224C7AA3C4134A128C057315541B62905FFC6AA3C41F31398C55731554176BDFADAC6AA3C41308BC1CB573155415759FCB8C6AA3C417B489BD2573155415CBE3F99C6AA3C41A4761ADA57315541571CF77BC6AA3C41C03A33E257315541E4C15061C6AA3C4121C7D8EA573155411BD37649C6AA3C41776FFDF357315541C5078F34C6AA3C4169BE92FD57315541A66EBA22C6AA3C41718C890758315541CE391514C6AA3C410618D21158315541F891B608C6AA3C41241E5C1C58315541CD71B000C6AA3C416EF41627583155418B890FFCC5AA3C413BA3F13158315541DE2ADBFAC5AA3C418200DB3C58315541AA3D15FDC5AA3C4127CBC14758315541263CBA02C6AA3C41EBC59452583155417139C10BC6AA3C4104D3425D583155411FEF1B18C6AA3C41150FBB6758315541E7D3B627C6AA3C41BCEBEC7158315541A93A793AC6AA3C41064AC87B5831554131794550C6AA3C4194933D85583155415917F968C6AA3C41ABD33D8E5831554167056D84C6AA3C417DCEBA9658315541F7D975A2C6AA3C41DC17A79E583155416A16E4C2C6AA3C415B28F6A5583155416B7284E5C6AA3C4150719CAC58315541'),
       (1043, 10043, 5, 1001, 1, 104, 1004, 10002, '2018-02-02 09:00:00 GMT+12', NULL, '010300002091080000010000004C00000092C71545C1AA3C4111BE3B0C55315541A8E88265C1AA3C4123BE951355315541E18E6088C1AA3C416FB5331A5531554152CC6AADC1AA3C4182BF082055315541947659D4C1AA3C41907F0925553155418AB3E0FCC1AA3C4134362C2955315541D58CB126C2AA3C41C0D4682C553155410A8A7A51C2AA3C41C70CB92E553155415F4FE87CC2AA3C41835C183055315541F03FA6A8C2AA3C416717843055315541A5225FD4C2AA3C419C6BFB2F5531554122C8BDFFC2AA3C416D637F2E5531554108B16D2AC3AA3C413CE3122C5531554138B21B54C3AA3C4100A4BA28553155416197767CC3AA3C41F7297D245531554162C02FA3C3AA3C41E6B7621F55315541A3BBFBC7C3AA3C41473F751955315541B4D792EAC3AA3C418C4CC012553155413CB0B10AC4AA3C41DEF0500B55315541ABB01928C4AA3C4199A8350355315541B28D9142C4AA3C410B3F7EFA5431554128B6E559C4AA3C41AFAF3BF15431554137B6E86DC4AA3C411E0580E754315541C690737EC4AA3C41E1355EDD54315541F70A668BC4AA3C418EFFE9D2543155413CEBA694C4AA3C4140C037C854315541012A249AC4AA3C41EB4E5CBD54315541BC15D39BC4AA3C41C7D26CB2543155419066B099C4AA3C411A9A7EA754315541D645C093C4AA3C41BAF0A69C5431554112450E8AC4AA3C4181F6FA91543155412248AD7CC4AA3C4135768F8754315541D35FB76BC4AA3C41EBBC787D54315541B8974D57C4AA3C41A072CA73543155413EB5973FC4AA3C41DA73976A5431554150EAC324C4AA3C41D6ACF161543155419A7B0607C4AA3C41A9F6E95954315541855A99E6C3AA3C4198F68F52543155411F8F6CC9C3AA3C41CFFAF14C5431554139C0A3A7C3AA3C4142B7134654315541D9E19683C3AA3C415697F83F54315541FB308C5DC3AA3C417C80AC3A54315541A5CBCD35C3AA3C41BDC4393654315541A020A90CC3AA3C41C20EA93254315541F9586EE2C2AA3C41CD500130543155417ABB6FB7C2AA3C412EB7472E54315541450C018CC2AA3C41519E7F2D543155416DEA7660C2AA3C41058CAA2D54315541E0292635C2AA3C41AA2CC82E54315541242F630AC2AA3C41CA53D63054315541424A81E0C1AA3C413800D13354315541B514D2B7C1AA3C411664B2375431554109D3A490C1AA3C41ECEF723C54315541FDD8456BC1AA3C41886109425431554110F6FD47C1AA3C41EDD56A485431554189E71127C1AA3C41ABDE8A4F543155419CD1C108C1AA3C41EF995B575431554193C348EDC0AA3C41A9CDCD5F54315541E343DCD4C0AA3C413605D1685431554151E8ABBFC0AA3C416DB153725431554155F9E0ADC0AA3C41CE4A437C5431554194219E9FC0AA3C418F758C86543155419629FF94C0AA3C4179271B915431554145C3188EC0AA3C41D9CEDA9B54315541A35FF88AC0AA3C419B7AB6A6543155417516A48BC0AA3C41110399B15431554133991A90C0AA3C4134336DBC5431554187355398C0AA3C41EEF11DC75431554141E73DA4C0AA3C41266B96D154315541B876C3B3C0AA3C417F38C2DB5431554112A6C5C6C0AA3C41F5888DE554315541826C1FDDC0AA3C417847E5EE54315541133EA5F6C0AA3C412840B7F7543155410E612513C1AA3C41D543F2FF543155415A11F330C1AA3C41831033075531554192C71545C1AA3C4111BE3B0C55315541'),
       (1044, 10044, 5, 1001, 1, 104, 1004, 10002, '2018-02-02 09:00:00 GMT+12', NULL, '010300002091080000010000004D00000043CB9991C0AA3C414A75E8C24D315541F111CEC7C0AA3C41A4FBF9C94D31554186624400C1AA3C41D245D6CF4D31554144BB8E3AC1AA3C41C6E871D44D315541F18A3B76C1AA3C4130EAC3D74D3155416B8DD6B2C1AA3C4107D2C5D94D315541B0AEE9EFC1AA3C4107B773DA4D3155415BF0FD2CC2AA3C415F46CCD94D3155415C529C69C2AA3C414CC6D0D74D315541F7B94EA5C2AA3C419B1385D44D31554127D8A0DFC2AA3C41019AEFCF4D3155413F0C2118C3AA3C41DA4719CA4D315541B941614EC3AA3C418B7C0DC34D315541CAC5F781C3AA3C417AF2D9BA4D315541E51580B2C3AA3C411DA48EB14D315541E0A39BDFC3AA3C4135AD3DA74D315541268DF208C4AA3C411327FB9B4D3155410447342EC4AA3C41E401DD8F4D3155410A3B184FC4AA3C4185D9FA824D31554174545E6BC4AA3C41E4C76D754D3155412B7DCF82C4AA3C41BF3350674D315541FA083E95C4AA3C41909DBD584D315541A20E86A2C4AA3C41A569D2494D315541FEAD8DAAC4AA3C4106A9AB3A4D315541FE4145ADC4AA3C41B5E0662B4D315541607FA7AAC4AA3C413FD0211C4D3155413D7FB9A2C4AA3C41BF37FA0C4D3155414EB48A95C4AA3C41E39D0DFE4C315541E8CD3483C4AA3C41571679EF4C3155414C85DB6BC4AA3C41460959E14C3155413858AC4FC4AA3C41F2FBC8D34C315541CC2FDE2EC4AA3C41EE5AE3C64C31554158F6B009C4AA3C41DD46C1BA4C315541B61A6DE0C3AA3C4169637AAF4C315541590263B3C3AA3C4117A924A54C315541726DEA82C3AA3C41953AD49B4C315541F8CB614FC3AA3C419E3D9B934C31554174852D19C3AA3C4144B7898C4C3155417695A40BC3AA3C41C20D008B4C31554128D5DBD5C2AA3C41AA89F6834C315541FA6CD39DC2AA3C4128E21F7E4C3155413C88F863C2AA3C41587787794C31554195DFBB28C2AA3C41343D36764C31554131DC90ECC1AA3C4157AA32744C31554125B8ECAFC1AA3C4136AB80734C3155413C994573C1AA3C41A59A21744C31554179AB1137C1AA3C41123F14764C315541B639C6FBC0AA3C4101CD54794C3155417DCAD6C1C0AA3C414DEEDC7D4C315541363EB489C0AA3C41BCCEA3834C31554108F3CB53C0AA3C41FC2C9E8A4C31554175F08620C0AA3C419470BE924C315541FA1949F0BFAA3C4198C4F49B4C315541256D70C3BFAA3C412E362FA64C315541AE49549ABFAA3C41D8D759B14C31554106C84475BFAA3C410DE85EBD4C315541CF1C8A54BFAA3C41B8FB26CA4C3155416F0C6438BFAA3C41CB2B99D74C315541946E0921BFAA3C41D7459BE54C31554128C3A70EBFAA3C41FBFE11F44C315541C1DA6201BFAA3C413029E1024D315541238F54F9BEAA3C41FEE9EB114D315541CB928CF6BEAA3C410CF314214D315541855010F9BEAA3C41BBBA3E304D31554139E2DA00BFAA3C4137B64B3F4D315541CC19DD0DBFAA3C41A8921E4E4D315541289FFD1FBFAA3C416B6E9A5C4D315541E3201937BFAA3C417D11A36A4D315541E3990253BFAA3C4148241D784D31554141A88373BFAA3C41ED64EE844D31554129F85C98BFAA3C418CDAFD904D315541ABBE46C1BFAA3C41CC05349C4D3155415245F1EDBFAA3C41AA0E7BA64D315541FC85051EC0AA3C4109EFBEAF4D315541A6D42551C0AA3C41D799EDB74D31554152D5257DC0AA3C41CE77CBBD4D31554143CB9991C0AA3C414A75E8C24D315541'),
       (1045, 10045, 5, 1001, 1, 104, 1004, 10002, '2018-02-02 09:00:00 GMT+12', NULL, '01030000209108000001000000090000004B81FD28B8AA3C414DA3C52C4E31554150CAFF8FB4AA3C41E1D28E9B4E315541369F4AE7B5AA3C414DD6EC4D4F3155411320D098B3AA3C41E426F4944F315541F77774C6BBAA3C410CC2C3D4533155419D05EBF7BEAA3C412AA26E725331554186AB036EC0AA3C4131F2CD3454315541FD530524C3AA3C41DE9152E1533155414B81FD28B8AA3C414DA3C52C4E315541'),
       (1046, 10046, 5, 1001, 1, 104, 1004, 10002, '2018-02-02 09:00:00 GMT+12', NULL, '010300002091080000010000004B000000F063F57FC5AA3C41F1A75DF24C315541E625BDA2C5AA3C4150C184F54C315541233970C6C5AA3C41D014F2F74C31554112B7D0EAC5AA3C410D6DA1F94C315541228C9F0FC6AA3C4124DE8FFA4C3155417EE59C34C6AA3C419CCABBFA4C315541A19F8859C6AA3C413EE624FA4C3155418DB5227EC6AA3C41C536CCF84C31554107B02BA2C6AA3C41D511B4F64C3155412A1365C5C6AA3C411019E0F34C31554144CB91E7C6AA3C41CF3355F04C3155415F967608C7AA3C419A8619EC4C3155411B6BDA27C7AA3C417D6834E74C3155417CDB8645C7AA3C415556AEE14C315541E2734861C7AA3C4113E490DB4C3155414913EF7AC7AA3C4127ACE6D44C3155417E3F4E92C7AA3C410D3DBBCD4C315541D0713DA7C7AA3C415F051BC64C315541AF5D98B9C7AA3C412B3E13BE4C315541402F3FC9C7AA3C4118D4B1B54C31554110C316D6C7AA3C41404F05AD4C31554165D408E0C7AA3C41E0B91CA44C3155417D2404E7C7AA3C417286079B4C3155414198FCEAC7AA3C41BC74D5914C315541164DEBEBC7AA3C41A47696884C3155413FA5CEE9C7AA3C4176945A7F4C315541164AAAE4C7AA3C4108D131764C3155414F2687DCC7AA3C411B0E2C6D4C315541B85573D1C7AA3C41B2F058644C315541B70D82C3C7AA3C411DC6C75B4C315541137BCBB2C7AA3C41156987534C31554105996C9FC7AA3C417E28A64B4C315541E1FD8689C7AA3C4118AE31444C31554186A14071C7AA3C4128E7363D4C315541769BC356C7AA3C41E1EDC1364C315541AAD93D3AC7AA3C4172F4DD304C315541E8082A1AC7AA3C41C3DC682B4C315541C4684EF8C6AA3C415403AC264C31554184F0ECD4C6AA3C4121A3B0224C315541EF8E4AB0C6AA3C41407E7E1F4C31554118A4AE8AC6AA3C41A8CE1B1D4C31554117766264C6AA3C41253A8D1B4C315541A0A2B03DC6AA3C4155C9D51A4C315541898DE416C6AA3C419EE1F61A4C31554154CD49F0C5AA3C417D42F01B4C3155410B992BCAC5AA3C411506C01D4C3155417534D4A4C5AA3C41DBA462204C3155414B608C80C5AA3C4167FCD2234C3155414ACC9A5DC5AA3C4195590A284C315541488D433CC5AA3C416C85002D4C3155418598C71CC5AA3C4146D5AB324C3155414F4564FFC4AA3C41783D01394C31554165D552E4C4AA3C410567F43F4C315541BE05C8CBC4AA3C418DC777474C31554101A7F3B5C4AA3C41BDBB7C4F4C315541434100A3C4AA3C41C6A3F3574C31554177C01293C4AA3C41D601CC604C315541CA2C4A86C4AA3C413C9AF4694C3155416A6EBF7CC4AA3C41F1945B734C3155418A1C8576C4AA3C4172A0EE7C4C3155414B59A773C4AA3C4145159B864C3155416EBA2B74C4AA3C41951A4E904C315541EB3D1178C4AA3C41A2CAF4994C315541494C507FC4AA3C41B5577CA34C31554136C7DA89C4AA3C41DA30D2AC4C31554190259C97C4AA3C41E525E4B54C315541209A79A8C4AA3C41E58AA0BE4C315541A44952BCC4AA3C41A55AF6C64C315541E288FFD2C4AA3C41D657D5CE4C315541A82955ECC4AA3C41A42C2ED64C315541DECF2108C5AA3C419E88F2DC4C31554128522F26C5AA3C41883C15E34C315541EA224346C5AA3C4137548AE84C3155410FC31E68C5AA3C41A72D47ED4C315541F063F57FC5AA3C41F1A75DF24C315541'),
       (1047, 10047, 5, 1001, 1, 104, 1004, 10002, '2018-02-02 09:00:00 GMT+12', NULL, '010300002091080000010000004D0000007E1884BAC1AA3C41C70D43404C315541CE7601F6C1AA3C414F13EA464C31554187979633C2AA3C41E9C83E4C4C315541707FCB72C2AA3C41AFCB36504C315541240925B3C2AA3C412060CA524C315541A6D425F4C2AA3C413181F4534C315541D43C4F35C3AA3C4102EAB2534C315541DC4C2276C3AA3C41611A06524C31554187B820B6C3AA3C41C355F14E4C3155415AD1CDF4C3AA3C41EA9C7A4A4C315541D77AAF31C4AA3C4140A2AA444C315541E9164F6CC4AA3C41C0B88C3D4C3155413B6E3AA4C4AA3C4124BE2E354C315541048E04D9C4AA3C41AAFFA02B4C315541479C460AC5AA3C41641AF6204C315541CAA0A037C5AA3C41EAD642154C315541AC3FBA60C5AA3C4107019E084C31554185654385C5AA3C41093B20FB4B31554141E3F4A4C5AA3C4106CEE3EC4B31554137F990BFC5AA3C417D7604DE4B3155419ECFE3D4C5AA3C414E2E9FCE4B315541B6DAC3E4C5AA3C4149F4D1BE4B3155417D2C12EFC5AA3C41E791BBAE4B315541C0B0BAF3C5AA3C41FC5E7B9E4B3155413054B4F2C5AA3C41F004318E4B315541AA1501ECC5AA3C41EE40FC7D4B3155410803AEDFC5AA3C410EA6FC6D4B315541CD1FD3CDC5AA3C41CF5F515E4B315541FC3493B6C5AA3C417AF5184F4B315541288F1B9AC5AA3C416B0E71404B315541B5A4A378C5AA3C41963876324B315541A3AA6C52C5AA3C41AFB043254B3155418915C127C5AA3C411E2DF3184B315541A407F4F8C4AA3C41F3AB9C0D4B31554119B060C6C4AA3C41454456034B3155414A986990C4AA3C41CFFA33FA4A3155413DE47757C4AA3C41609B47F24A3155414A8FCF36C4AA3C4112716FEE4A3155411DD5E1FCC3AA3C41567DD1E64A3155413FBD84C0C3AA3C41EE147EE04A31554112E32D82C3AA3C41E58A81DB4A31554179BB5642C3AA3C416896E5D74A315541ECA77B01C3AA3C41883FB1D54A31554193041BC0C2AA3C41E6D1E8D44A3155417531B47EC2AA3C41E9D38DD54A3155412F9BC63DC2AA3C4112049FD74A315541A4C1D0FDC1AA3C41765B18DB4A31554132424FBFC1AA3C414115F3DF4A315541F3E4BB82C1AA3C4147BC25E64A31554125AF8C48C1AA3C41373DA4ED4A31554102FD3211C1AA3C4138FE5FF64A315541F4A51ADDC0AA3C4162FB47004B3155412F29A9ACC0AA3C41C6E7480B4B315541BFE83C80C0AA3C411A534D174B3155414D712C58C0AA3C4195D33D244B315541B1D1C534C0AA3C41673301324B315541C2024E16C0AA3C41E7A17C404B315541F96000FDBFAA3C41DFE7934F4B315541FE380EE9BFAA3C416A9E295F4B315541DE669EDABFAA3C415B681F6F4B3155418C0BCDD1BFAA3C413E2D567F4B315541D854ABCEBFAA3C411456AE8F4B315541E25C3FD1BFAA3C41D10A08A04B315541B11D84D9BFAA3C41627043B04B315541197B69E7BFAA3C41C5E640C04B3155414262D4FABFAA3C41A246E1CF4B3155415DFE9E13C0AA3C41F21D06DF4B31554145029931C0AA3C4170EB91ED4B31554149068854C0AA3C41EE5768FB4B315541F1FA277CC0AA3C41B16D6E084C31554156AC2BA8C0AA3C41E3CC8A144C315541D3593DD8C0AA3C4109DDA51F4C315541955BFF0BC1AA3C41E6FAA9294C315541DADA0C43C1AA3C41CDA283324C3155410795FA7CC1AA3C417E96213A4C315541F8723CB7C1AA3C41C70D43404C3155417E1884BAC1AA3C41C70D43404C315541'),
       (1048, 10048, 5, 1001, 1, 104, 1004, 10002, '2018-02-02 09:00:00 GMT+12', NULL, '01030000209108000001000000050000003312A9CA9FAA3C41C248B7E2453155411FE91D199CAA3C41B791D799463155410B3C7B6FB0AA3C412DCEFB294D3155414A650621B4AA3C413785DB724C3155413312A9CA9FAA3C41C248B7E245315541'),
       (1049, 10049, 5, 1001, 1, 104, 1004, 10002, '2018-02-02 09:00:00 GMT+12', NULL, '010300002091080000010000004A00000049547F15C3AA3C41CBFB55B54A31554185398B54C3AA3C412D7AE7B94A3155413B6AF194C3AA3C4176D914BD4A315541476E34D6C3AA3C41F5E8D7BE4A3155412C1FD517C4AA3C41DF392DBF4A315541BA9F5359C4AA3C41FD2514BE4A3155418855309AC4AA3C41E9D08EBB4A31554195E1ECD9C4AA3C41EC23A2B74A315541E8150D18C5AA3C4178C455B24A31554129E81754C5AA3C414005B4AB4A3155412F5D988DC5AA3C41F1D1C9A34A315541D36C1EC4C5AA3C413796A69A4A3155418FDC3FF7C5AA3C41A61F5C904A315541D90D9926C6AA3C41107BFE844A315541E9C0CD51C6AA3C4144CDA3784A31554115C88978C6AA3C413328646B4A31554191AB819AC6AA3C41DC5B595D4A315541643D73B7C6AA3C4110C49E4E4A315541191926CFC6AA3C410D13513F4A315541A3126CE1C6AA3C41BE198E2F4A315541C88F21EEC6AA3C41868D741F4A315541EFCD2DF5C6AA3C4183CC230F4A315541981183F6C6AA3C414AA0BBFE49315541E2C11EF2C6AA3C4126005CEE49315541926D09E8C6AA3C41B3D224DE49315541A0B956D8C6AA3C41B0AF35CE49315541FA3B25C3C6AA3C419BA2ADBE49315541F03E9EA8C6AA3C410BEEAAAF49315541B271F588C6AA3C41C9D04AA149315541CB826864C6AA3C41E04CA99349315541B2A83E3BC6AA3C41F1F0E086493155412F16C80DC6AA3C419FA40A7B49315541015F5DDCC5AA3C41DB773D7049315541E7CA5EA7C5AA3C410F768E66493155418B99336FC5AA3C41317D105E49315541313A4934C5AA3C41BC18D4564931554111B06F29C5AA3C419247AA55493155419C22B8EAC4AA3C419D91B1504931554198FB81AAC4AA3C41D2881B4D493155418F554A69C4AA3C41CF29EF4A4931554100419027C4AA3C4197B0304A4931554170CCD3E5C3AA3C413E90E14A49315541150B95A4C3AA3C413370004D49315541DA1A5364C3AA3C41B32E895049315541C62D8B25C3AA3C4116E9745549315541AC94B7E8C2AA3C41FB08BA5B4931554120D24EAEC2AA3C4111574C6349315541EDB2C276C2AA3C41F6121D6C49315541F86F7F42C2AA3C41DC0F1B764931554182DCEA11C2AA3C41EBD53281493155410C9F63E5C1AA3C4170C84E8D49315541967840BDC1AA3C41A84F579A493155418B9CCF99C1AA3C41130733A8493155418F17567BC1AA3C4191EEC6B6493155419F490F62C1AA3C41399FF6C549315541A3712C4EC1AA3C419682A4D549315541A14ED43FC1AA3C41620CB2E54931554193D22237C1AA3C41DAF5FFF549315541B5ED2834C1AA3C41FD7A6E064A3155414F6CEC36C1AA3C412198DD164A315541F8EB673FC1AA3C4183482D274A31554123E68A4DC1AA3C4187C43D374A31554185CF3961C1AA3C41CCBFEF464A315541184F4E7AC1AA3C4112A624564A3155419C879798C1AA3C41B5D6BE644A3155412F77DABBC1AA3C418DDEA1724A3155419B6AD2E3C1AA3C413FAFB27F4A31554105833110C2AA3C411DD4D78B4A315541EC4CA140C2AA3C4185A3F9964A315541F869C374C2AA3C41226D02A14A315541A64732ACC2AA3C4125A4DEA94A3155419EE581E6C2AA3C4164057DB14A315541F92FAD09C3AA3C41CBFB55B54A31554149547F15C3AA3C41CBFB55B54A315541'),
       (1050, 10050, 5, 1001, 1, 104, 1004, 10002, '2018-02-02 09:00:00 GMT+12', NULL, '010300002091080000010000004D000000BF8E49ECC3AA3C414610C02349315541FBA76524C4AA3C41D404992A493155413537AE5EC4AA3C412F5332304931554163AEB19AC4AA3C41F012813449315541C820FBD7C4AA3C417ADF7C37493155414D261316C5AA3C41C9E81F39493155418CC48054C5AA3C415CFE6639493155412C5ACA92C5AA3C41BF955138493155414E8C76D0C5AA3C416CCBE1354931554199320D0DC6AA3C41BB5E1C32493155413F411848C6AA3C419BA8082D49315541B8AF2481C6AA3C41518DB026493155418357C3B7C6AA3C411769201F493155414ACE89EBC6AA3C4132F86616493155413A34131CC7AA3C410E3A950C49315541A3F80049C7AA3C413250BE01493155418892FB71C7AA3C411259F7F548315541BA2AB396C7AA3C41CE4657E9483155413A38E0B6C7AA3C4164B2F6DB48315541460A44D2C7AA3C4115ACEFCD48315541DC43A9E8C7AA3C4146885DBF48315541B542E4F9C7AA3C417BAA5CB0483155410875D305C8AA3C41E24D0AA148315541199A5F0CC8AA3C41804C84914831554166F07B0DC8AA3C41FCE4E88148315541F24D2609C8AA3C41897F567248315541A72467FFC7AA3C410073EB6248315541E37151F0C7AA3C416EC9C55348315541629902DCC7AA3C41C4050345483155413A2CA2C2C7AA3C4131EABF3648315541509B61A4C7AA3C413340182948315541BDD77B81C7AA3C4181A2261C4831554130DF345AC7AA3C410549041048315541BF37D92EC7AA3C41EBD7C804483155416B5BBDFFC6AA3C417C318AFA473155412F123DCDC6AA3C41654B5CF147315541005946C5C6AA3C41658C0FF047315541223EA892C6AA3C415B5CA5E6473155416933F35CC6AA3C410FB05EDE473155412CDC8F24C6AA3C4173A74BD7473155411215ECE9C5AA3C41DE0A7AD147315541A81D7AADC5AA3C41AF30F5CC4731554142BAAF6FC5AA3C41B4E6C5C947315541C84D0531C5AA3C415C61F2C74731554157F0F4F1C4AA3C41A62F7EC747315541DE7FF9B2C4AA3C41D0336AC84731554105B28D74C4AA3C411EA2B4CA4731554171242B37C4AA3C41F20359CE47315541367049FBC3AA3C41CB4050D34731554122405DC1C3AA3C41D5AB90D947315541666ED789C3AA3C41EF160EE147315541D3272455C3AA3C4167EAB9E947315541EF19AA23C3AA3C41534183F347315541D8A9C9F5C2AA3C417E0A57FE47315541D239DCCBC2AA3C41922D200A483155417F7933A6C2AA3C414AB4C7164831554179C81885C2AA3C41F8F6342448315541E0A5CC68C2AA3C41C7CC4D3248315541B6338651C2AA3C418EBEF64048315541CECA723FC2AA3C41683C135048315541E5A2B532C2AA3C4142D5855F48315541AE8D672BC2AA3C416070306F48315541ABC69629C2AA3C41BC87F47E4831554155D7462DC2AA3C41DB63B38E483155418C907036C2AA3C4151574E9E4831554108180245C2AA3C41B6FAA6AD483155413E0BDF58C2AA3C41C5679FBC4831554165B7E071C2AA3C41CA731ACB48315541CF63D68FC2AA3C4139E8FBD848315541B0B185B2C2AA3C41D3B928E6483155415F0DABD9C2AA3C41563D87F2483155410B32FA04C3AA3C415159FFFD483155415CBE1E34C3AA3C415EB57A08493155413AD9BC66C3AA3C4172E5E41149315541F3E3719CC3AA3C41B4912B1A49315541303BD5D4C3AA3C415A9A3E2149315541BF8E49ECC3AA3C414610C02349315541'),
       (1051, 10051, 5, 1001, 1, 104, 1004, 10002, '2018-02-02 09:00:00 GMT+12', NULL, '010300002091080000010000004C000000EC56E803C5AA3C41B9E3E89747315541D17DD63BC5AA3C41320D1A9F47315541B5071076C5AA3C41EC3A0CA547315541E98323B2C5AA3C4133D7B3A94731554125E69BEFC5AA3C4164D007AD47315541656B012EC6AA3C4190AA01AF47315541C181DA6CC6AA3C41388C9DAF47315541D8B6ACABC6AA3C419145DAAE4731554188A5FDE9C6AA3C412853B9AC4731554159E45327C7AA3C41A6DA3EA9473155418BF23763C7AA3C41FBA271A4473155414820359DC7AA3C410D075B9E473155417D72DAD4C7AA3C4194E3069747315541F27EBB09C8AA3C41C77F838E47315541323F713BC8AA3C41D571E1844731554160D99A69C8AA3C415D7E337A47315541ED5CDE93C8AA3C4101748E6E473155417572E9B9C8AA3C41C902096247315541C4FA71DBC8AA3C41D98FBB5447315541D1A036F8C8AA3C411506C04647315541B957FF0FC9AA3C419CA3313847315541A8C89D22C9AA3C419AC42C29473155416DADED2FC9AA3C4100ACCE19473155414716D537C9AA3C41BB4A350A47315541BD9C443AC9AA3C4124057FFA463155414D823737C9AA3C41D377CAEA463155417FB8B32EC9AA3C41273C36DB4631554178D6C920C9AA3C4173ACE0CB46315541C9F7940DC9AA3C41E6A8E7BC463155413C883AF5C8AA3C41775D68AE463155412FFAE9D7C8AA3C41EA087FA046315541FA6ADCB5C8AA3C41CDC54693463155413333548FC8AA3C41C755D9864631554151659C64C8AA3C413CEF4E7B463155410F3C0836C8AA3C414E0EBE70463155410077F203C8AA3C41F7483B674631554142ABBCCEC7AA3C41D826D95E463155419526E7A5C7AA3C414969725946315541BCD3196EC7AA3C4122DB1C5246315541C54DF433C7AA3C410BB5054C46315541CCDEE7F7C6AA3C41D3D4384746315541A98469BAC6AA3C41AB94BF4346315541F60EF17BC6AA3C4113B9A041463155418333F83CC6AA3C41B863E040463155411AA3F9FDC5AA3C415E0B8041463155416E1970BFC5AA3C41F7787E4346315541DB6DD581C5AA3C41F6C9D74646315541AEA6A145C5AA3C411A78854B46315541180F4A0BC5AA3C41EC657E5146315541005240D3C4AA3C418DF0B65846315541BD9DF19DC4AA3C4180062161463155412BCEC56BC4AA3C41EA42AC6A463155412EA31E3DC4AA3C418B0D467546315541C4015712C4AA3C4124BFD980463155413143C2EBC3AA3C417CC9508D463155416A92ABC9C3AA3C4167E3929A46315541A45955ACC3AA3C411E3886A84631554172C1F893C3AA3C4191990FB7463155419140C580C3AA3C415AB512C646315541C63FE072C3AA3C41D84B72D54631554191D1646AC3AA3C414F6910E546315541267C6367C3AA3C412CA0CEF446315541BD1AE269C3AA3C413B448E044731554122D1DB71C3AA3C41B1A63014473155411E15417FC3AA3C419651972347315541ACCDF791C3AA3C415643A43247315541F684DBA9C3AA3C4147293A414731554178AFBDC6C3AA3C4182983C4F47315541460766E8C3AA3C419D45905C47315541C1F8920EC4AA3C4177391B69473155417223FA38C4AA3C414104C57447315541D4E94867C4AA3C419BEC767F4731554135132599C4AA3C41401C1C8947315541E27A2DCEC4AA3C4172C8A1914731554138E92AFDC4AA3C41B9E3E89747315541EC56E803C5AA3C41B9E3E89747315541'),
       (1052, 10052, 5, 1001, 1, 104, 1004, 10002, '2018-02-02 09:00:00 GMT+12', NULL, '010300002091080000010000004B0000002CB36BE9C8AA3C414739D8D044315541A0D534E1C8AA3C41B8B494CF443155419125D685C8AA3C41CEA069C64431554165D9BC4CC8AA3C4124D2F8C244315541D8FFAD12C8AA3C41F525C0C044315541FA0A14D8C7AA3C41E1AEC3BF44315541076C5A9DC7AA3C41C93B05C044315541F4CDEC62C7AA3C41835484C144315541F5503629C7AA3C41A33A3EC44431554107C5A0F0C6AA3C41A6EE2DC84431554180E893B9C6AA3C41FE384CCD44315541CBA97484C6AA3C4143B78FD344315541346EA451C6AA3C419FEDECDA44315541B75F8021C6AA3C41A25B56E344315541B7C160F4C5AA3C411195BCEC44315541424F98CAC5AA3C41525E0EF744315541BCA373A4C5AA3C41C4CB3802453155411CAE3882C5AA3C41BE64270E4531554196302664C5AA3C41C548C41A45315541004E734AC5AA3C41E057F8274531554155244F35C5AA3C41FB5CAB35453155414D76E024C5AA3C41173AC44345315541B9644519C5AA3C41A516295245315541FF369312C5AA3C41A18EBF6045315541A933D610C5AA3C412DE36C6F45315541ED8A1114C5AA3C41662B167E45315541CC4F3F1CC5AA3C41E785A08C4531554150835029C5AA3C41EF49F19A4531554190302D3BC5AA3C417838EEA8453155417797B451C5AA3C41FDAB7DB6453155412E6ABD6CC5AA3C41DBC786C3453155419917168CC5AA3C41AAA5F1CF45315541F12685AFC5AA3C412E81A7DB453155411EA1C9D6C5AA3C41FAE192E64531554185879B01C6AA3C41E9C29FF0453155410D58AC2FC6AA3C41C5B6BBF94531554152D90B61C6AA3C411D57840246315541D12D4B95C6AA3C413602310A463155417E8A04CCC6AA3C4143C4B210463155418050CD04C7AA3C41D5EFFC1546315541B8DD363FC7AA3C419636051A46315541D663CF7AC7AA3C4144BDC31C463155417EC622B7C7AA3C413B2B331E46315541EE7CBBF3C7AA3C418EB4501E46315541A9772330C8AA3C41B11F1C1D46315541D405E56BC8AA3C41DAC5971A463155410ABB8BA6C8AA3C416F8EC816463155410A52A5DFC8AA3C4180E5B511463155412A8BC216C9AA3C4138AD690B46315541F404784BC9AA3C41B52AF003463155412D0E5F7DC9AA3C4113EE57FB45315541D46C16ACC9AA3C411BB6B1F1453155415F1C43D7C9AA3C41834F10E745315541C0FE90FEC9AA3C417C7088DB453155414B80B321CAAA3C412B9030CF45315541B02C6640CAAA3C4101BB20C245315541E2346D5ACAAA3C41D56372B4453155412CE3956FCAAA3C41553240A64531554103FEB67FCAAA3C4107CFA59745315541E718B18ACAAA3C417FADBF8845315541C3D06E90CAAA3C41E0D4AA79453155410EF6E490CAAA3C4144A7846A453155419AA2128CCAAA3C4195A86A5B453155413E3B0182CAAA3C410B457A4C45315541935DC472CAAA3C41B397D03D45315541D5B9795ECAAA3C41F3318A2F45315541B7D84845CAAA3C41B5E3C22145315541ACCE6227CAAA3C41388595144531554123DC0105CAAA3C41F4C21B084531554118FC68DEC9AA3C4140EB6DFC44315541E561E3B3C9AA3C415DBFA2F1443155419DE5C385C9AA3C41C546CFE74431554184646454C9AA3C416DA606DF44315541DA0F2520C9AA3C4154FB59D7443155412CB36BE9C8AA3C414739D8D044315541'),
       (1053, 10053, 5, 1001, 1, 104, 1004, 10002, '2018-02-02 09:00:00 GMT+12', NULL, '010300002091080000010000004C000000CB7D38CDBFAA3C41956B444845315541039F1700C0AA3C41EDA32E4D4531554190D67B34C0AA3C41FE4FF850453155416E11FF69C0AA3C418A0E9A5345315541120D39A0C0AA3C41EABE0E5545315541F022C0D6C0AA3C41F78A5355453155417F162A0DC1AA3C41A3EC675445315541BEE30C43C1AA3C4115AF4D5245315541EA8DFF77C1AA3C41D5EA084F4531554180EC9AABC1AA3C414DFE9F4A453155418F737ADDC1AA3C41E5801B4545315541D8F73C0DC2AA3C41AA32863E45315541666C853AC2AA3C4109E7EC36453155413B97FB64C2AA3C411C6C5E2E453155411FBE4C8CC2AA3C41976DEB2445315541B0462CB0C2AA3C417E54A61A45315541B34C54D0C2AA3C411023A30F453155417A2986ECC2AA3C410A4EF7034531554186EE8A04C3AA3C419E92B9F74431554111D03318C3AA3C4150CA01EB4431554154805A27C3AA3C416DBCE8DD44315541847AE131C3AA3C41B5ED87D044315541DC3BB437C3AA3C41CC6EF9C244315541106CC738C3AA3C4154A957B544315541EBF21835C3AA3C41712CBDA74431554187FCAF2CC3AA3C412179449A44315541B4EB9C1FC3AA3C4196CE078D443155419239F90DC3AA3C41E6F6208044315541F143E7F7C2AA3C412D15A97344315541DA0A92DDC2AA3C411074B8674431554157DC2CBFC2AA3C41F756665C44315541A3F0F29CC2AA3C4142CCC85144315541BAF62677C2AA3C418982F447443155412992124EC2AA3C4165A0FC3E443155419ECC0522C2AA3C41E49EF23644315541887856F3C1AA3C41B227E62F44315541D58A5FC2C1AA3C416FF6E429443155419D69808FC1AA3C410CBEFA2444315541E5311C5BC1AA3C41FC11312144315541D3BEFB56C1AA3C41C4FAF1204431554154712523C1AA3C413A13E41D443155417F0173EEC0AA3C4154EEF61B44315541EEC648B9C0AA3C41F5362E1B4431554163FC0B84C0AA3C41636B8B1B44315541DC00224FC0AA3C411EDA0D1D44315541F994EF1AC0AA3C4156A3B21F44315541361CD8E7BFAA3C4158BE7423443155412EDF3CB6BFAA3C413E034D28443155418C527C86BFAA3C417738322E443155410463F158BFAA3C413E241935443155418AC8F22DBFAA3C4134A2F43C443155418B60D205BFAA3C414FBCB54544315541E892DCE0BEAA3C413EC74B4F44315541DABF57BFBEAA3C414B82A45944315541DEB983A1BEAA3C41F039AC6444315541194D9987BEAA3C419FED4D7044315541C6D1C971BEAA3C417C77737C443155419FCF3E60BEAA3C4199B6058944315541FCAD1953BEAA3C412ABBEC95443155416C74734ABEAA3C41DEF30FA344315541E19A5C46BEAA3C41CE5C56B044315541D2EADC46BEAA3C410CAFA6BD44315541CF6FF34BBEAA3C41DE90E7CA44315541D5799655BEAA3C41D3C5FFD74431554144AFB363BEAA3C41FD5ED6E44431554149303076BEAA3C415EEA52F144315541D8C9E88CBEAA3C4166A15DFD443155414C38B2A7BEAA3C414896DF08453155419B7A59C6BEAA3C41A4DFC21345315541A532A4E8BEAA3C4135C2F21D45315541F014510EBFAA3C4143D85B2745315541D1641837BFAA3C41B536EC2F45315541A07CAC62BFAA3C41098F933745315541E661BA90BFAA3C417F4E433E453155418F3DF7B7BFAA3C411D092C4545315541CB7D38CDBFAA3C41956B444845315541'),
       (1054, 10054, 5, 1001, 1, 104, 1004, 10002, '2018-02-02 09:00:00 GMT+12', NULL, '0103000020910800000100000049000000BC9756ABBAAA3C415EDC82AF44315541097FAFD5BAAA3C416188BFB4443155412A89B201BBAA3C411FE40AB9443155414EF6092FBBAA3C41BC915CBC443155419D6F5D5DBBAA3C41C419AEBE443155412BB3528CBBAA3C41E3F7FABF44315541D0438EBBBBAA3C417EA340C044315541251BB4EABBAA3C41E6947EBF443155418C5D6819BCAA3C412346B6BD44315541320C5047BCAA3C414530EBBA4431554163B71174BCAA3C4186C422B744315541DC2B569FBCAA3C419F6164B244315541401DC9C8BCAA3C41A745B9AC4431554101CA19F0BCAA3C41C97B2CA6443155411399FB14BDAA3C41F9C6CA9E44315541EBAE2637BDAA3C41E188A296443155413E795856BDAA3C4128A6C38D4431554130315472BDAA3C411E673F8444315541F451E38ABDAA3C416056287A44315541D501D69FBDAA3C41981C926F44315541CE7003B1BDAA3C41105A91644431554141274ABEBDAA3C41C77E3B59443155418B4790C7BDAA3C4168A0A64D44315541DEBFC3CCBDAA3C41854FE941443155414B6EDACDBDAA3C41666B1A3644315541EA33D2CABDAA3C4191F5502A44315541DCF8B0C3BDAA3C41F7E4A31E4431554165A184B8BDAA3C4143F929134431554169F262A9BDAA3C41778EF90744315541CC666996BDAA3C41597128FD43315541ECF6BC7FBDAA3C41FFB4CBF24331554177CF8965BDAA3C41CF89F7E84331554134FC0248BDAA3C410B16BFDF43315541D6036227BDAA3C419F5034D743315541F078E603BDAA3C410BDE67CF43315541CA7CD5DDBCAA3C4104F068C843315541D33979B5BCAA3C41DD2745C243315541DF9786A0BCAA3C41812A89BF4331554125315275BCAA3C41414A28BB43315541D13CC248BCAA3C41CFC2BBB7433155419AEA2C1BBCAA3C4155334AB5433155418C63EAECBBAA3C41CD55D8B343315541BD1F54BEBBAA3C416DF568B3433155412A39C48FBBAA3C41C0E9FCB343315541E8BD9461BBAA3C41851493B543315541CC001F34BBAA3C41386428B84331554153EEBA07BBAA3C41D6D9B7BB433155412461BEDCBAAA3C418E923AC0433155417D7C7CB3BAAA3C4111D5A7C543315541CE0B458CBAAA3C418122F5CB4331554107E86367BAAA3C419A4A16D343315541A4642045BAAA3C416E83FDDA433155419AC6BC25BAAA3C41F5839BE343315541D0C27509BAAA3C419BA1DFEC433155415C0A82F0B9AA3C419DF0B7F64331554126DF11DBB9AA3C419A66110144315541C9B74EC9B9AA3C4145FFD70B443155418EEE5ABBB9AA3C4161E3F61644315541A47F51B1B9AA3C41DB90582244315541A1D445ABB9AA3C418604E72D44315541659E43A9B9AA3C4190E48B3944315541D7BF4EABB9AA3C41BAAB304544315541F44463B1B9AA3C411DD5BE5044315541676B75BBB9AA3C415C07205C4431554100B971C9B9AA3C414D403E67443155411E213DDBB9AA3C4113FF0372443155415D39B5F0B9AA3C41156E5C7C44315541DE7BB009BAAA3C41288B3386443155412198FE25BAAA3C41104E768F4431554177CF6845BAAA3C41C3CD129844315541E45FB267BAAA3C417D62F89F443155410BF9988CBAAA3C417BC617A744315541BC9756ABBAAA3C415EDC82AF44315541'),
       (1055, 10055, 5, 1001, 1, 104, 1004, 10002, '2018-02-02 09:00:00 GMT+12', NULL, '010300002091080000010000004A0000009FD44DCBB5AA3C41BEA9443E4431554164A9DCF2B5AA3C41D3C80043443155413102F01DB6AA3C417196AD4844315541BCDFD34AB6AA3C419896644D4431554126CC3079B6AA3C41B4991C51443155411073ACA8B6AA3C41F760CE53443155414251EAD8B6AA3C4165AC745544315541B0698C09B7AA3C4148450C56443155415AFB333AB7AA3C414F04945544315541D83A826AB7AA3C41AED30C5444315541140B199AB7AA3C4196AD795144315541FBB39BC8B7AA3C414896DF4D44315541B397AFF5B7AA3C415192454944315541BFE2FC20B8AA3C41C498B443443155417B372F4AB8AA3C41F781373D443155418252F670B8AA3C4134F2DA35443155418DA60695B8AA3C414141AD2D4431554141F019B6B8AA3C414A5EBE244431554194BEEFD3B8AA3C41CAB01F1B44315541CFF04DEEB8AA3C41F5F6E3104431554147270105B9AA3C41B7201F0644315541E427DD17B9AA3C415F29E6FA433155415334BD26B9AA3C4145EE4EEF4331554133518431B9AA3C418A0470E343315541EC7E1D38B9AA3C41FE8C60D743315541A4E27B3AB9AA3C41E20638CB4331554193DE9A38B9AA3C4178220EBF43315541101C7E32B9AA3C418E92FAB243315541DC833128B9AA3C417FDE14A743315541A526C919B9AA3C415034749B433155419B166107B9AA3C41623B2F904331554167301DF1B8AA3C419FE85B854331554136D528D7B8AA3C4170530F7B433155415596B6B9B8AA3C41AE8C5D714331554189D2FF98B8AA3C41AB7759684331554181464475B8AA3C413EA5146043315541AD90C94EB8AA3C41A9319F5843315541FCAFEF40B8AA3C41249D3F564331554102228A16B8AA3C416BC6985043315541B3605EEAB7AA3C41FCB7DE4B433155412AE3BEBCB7AA3C41FB441A48433155413FD6008EB7AA3C41E475524543315541517E7B5EB7AA3C41C47B8C43433155415D93872EB7AA3C4111A6CB4243315541689C7EFEB6AA3C41D45C1143433155410E47BACEB6AA3C41E81D5D44433155413DC1939FB6AA3C41F87DAC464331554149126371B6AA3C41DD2CFB494331554128767E44B6AA3C41ECFD424E4331554110BD3919B6AA3C414BF37B53433155411CAFE5EFB5AA3C41F24C9C59433155419D74CFC8B5AA3C41C19A986043315541D60640A4B5AA3C4117D263684331554196A77B82B5AA3C41FF65EF70433155415F61C163B5AA3C4144622B7A433155414A924A48B5AA3C417C8906844331554182804A30B5AA3C4108756E8E43315541F0FAED1BB5AA3C416EB74F9943315541DE045B0BB5AA3C41C80096A4433155412B90B0FEB4AA3C4177442CB043315541E34106F6B4AA3C4191E0FCBB43315541D2476CF1B4AA3C4141C6F1C7433155411F39EBF0B4AA3C410AA3F4D343315541E00684F4B4AA3C412F0AEFDF4331554198F92FFCB4AA3C41E09ECAEB433155411DBFE007B5AA3C41C53D71F743315541C9838017B5AA3C418426CD02443155413D1CF22AB5AA3C411624C90D44315541923B1142B5AA3C41A3B4501844315541F7B6B25CB5AA3C41A32F50224431554164D6A47AB5AA3C41AEEAB42B44315541B4B1AF9BB5AA3C412F5C6D3444315541589895BFB5AA3C414F3C693C443155419FD44DCBB5AA3C41BEA9443E44315541'),
       (1056, 10056, 5, 1001, 1, 104, 1004, 10002, '2018-02-02 09:00:00 GMT+12', NULL, '0103000020910800000100000015000000EB666F38E8AA3C4142A1D61F57315541EDFD3E54EDAA3C41132F4B3A50315541B06BFFE0DDAA3C41AB2A2E834F315541847913D5D8AA3C41334B465356315541E733C1ACDEAA3C41F1DA8498563155414B2C0073DCAA3C416BD8AF9959315541FD3F1C07D0AA3C419B4178065931554139FA0CFCD2AA3C418FAC9908553155414C4B72F8D3AA3C419F8AA15C503155417A2B9EB4CFAA3C413CDA3A4E503155411ED576B8CEAA3C41644C0DF9543155412FC48758CBAA3C4192491BB05931554117936954DDAA3C4192FF0D7E5A315541601DC7DCDDAA3C4189C087BF59315541BDAA5069E2AA3C4142CB9FF359315541A9522FFAE2AA3C4147C4372959315541D071C112E2AA3C41A87CDD1E5931554138096BBBE2AA3C413071373358315541CBCBED02E2AA3C41A9B5F62A58315541977F80EDE2AA3C419D363AE356315541EB666F38E8AA3C4142A1D61F57315541'),
       (1057, 10057, 5, 1001, 1, 104, 1004, 10002, '2018-02-02 09:00:00 GMT+12', NULL, '01030000209108000001000000070000006F765261D7AA3C41052D8911673155414ED1B25BD7AA3C418E019D5367315541FBCCF60EDBAA3C4149E6A658673155413432654FDBAA3C41A5BF956364315541D97CD81DD2AA3C4149EA105764315541C2BC09E3D1AA3C41593C0E0A673155416F765261D7AA3C41052D891167315541'),
       (1058, 10058, 5, 1001, 1, 104, 1004, 10002, '2018-02-02 09:00:00 GMT+12', NULL, '010300002091080000010000003F0000005CEE27DAC6AA3C41BAC6212E6B3155410E56B5C8C6AA3C411E7F10256B315541807C2AB4C6AA3C414A5F691C6B3155418C67AF9CC6AA3C410C433D146B315541DDD67182C6AA3C4177169C0C6B3155415BEAA465C6AA3C41F1B694056B315541ACBE8046C6AA3C4141D634FF6A3155412B004225C6AA3C41B8DF88F96A31554143742902C6AA3C4151E09BF46A3155412B82C5F4C5AA3C41AABF18F36A315541E8142678C4AA3C41F65F0AF26A315541ED0D2158C4AA3C41CD2AE4F56A315541C68E8435C4AA3C4130E106FB6A315541CF1DD414C4AA3C416DA6E5006B315541786B4FF6C3AA3C41990A75076B31554163ED31DAC3AA3C41BA45A80E6B315541766AB2C0C3AA3C41A55071166B3155417E9002AAC3AA3C415000C11E6B315541E0924E96C3AA3C41402387276B315541DDD4BC85C3AA3C4152A1B2306B315541EA9E6D78C3AA3C41DB9C313A6B31554119DF7A6EC3AA3C418F95F1436B31554148F7F767C3AA3C41788CDF4D6B3155415C97F164C3AA3C410929E8576B315541F2A36D65C3AA3C41D4DEF7616B3155411C2B6B69C3AA3C418713FB6B6B3155411367E270C3AA3C413A45DE756B315541CCCBC47BC3AA3C415A308E7F6B3155418324FD89C3AA3C412FF5F7886B315541D1BC6F9BC3AA3C41D53C09926B3155415F96FAAFC3AA3C419F5CB09A6B31554128AB75C7C3AA3C41DD78DCA26B315541D73BB3E1C3AA3C4172A57DAA6B315541842880FEC3AA3C41F80485B16B3155413354A41DC4AA3C41B3E5E4B76B315541B412E33EC4AA3C4131DC90BD6B3155419C9EFB61C4AA3C4198DB7DC26B315541E896A986C4AA3C41194BA2C66B3155410A85A5ACC4AA3C41A118F6C96B315541D967A5D3C4AA3C4195C872CC6B3155417D435DFBC4AA3C417E8213CE6B315541C3B57F23C5AA3C41791AD5CE6B315541EE8CBE4BC5AA3C415E17B6CE6B315541BA5FCB73C5AA3C4189B5B6CD6B3155418826589BC5AA3C418CE6D8CB6B315541DBD217C2C5AA3C41684D20C96B3155415AE6BEE7C5AA3C412F3792C56B315541C704040CC6AA3C411C9135C16B3155411984A02EC6AA3C41B9DA12BC6B31554110F5504FC6AA3C41861534B66B31554167A7D56DC6AA3C415BB1A4AF6B3155417C25F389C6AA3C412F7671A86B31554169A872A3C6AA3C41446BA8A06B315541618222BAC6AA3C41A3BB58986B315541FF7FD6CDC6AA3C41B498928F6B315541023E68DEC6AA3C41A11A67866B315541F573B7EBC6AA3C410E1FE87C6B315541C633AAF5C6AA3C41652628736B315541971B2DFCC6AA3C41712F3A696B315541837B33FFC6AA3C41E092315F6B315541ED6EB7FEC6AA3C4115DD21556B315541F2D1C1FDC6AA3C415BAABB516B3155415CEE27DAC6AA3C41BAC6212E6B315541'),
       (1059, 10059, 5, 1001, 1, 104, 1004, 10002, '2018-02-02 09:00:00 GMT+12', NULL, '0103000020910800000100000013000000E77B1D96B2AA3C41AD6256E56A315541B39EB5DCD7AA3C413AEED0FF6A315541A46B470AD8AA3C41D0543C6167315541235A3C23D3AA3C41A1C1605D673155418E5A1FFFD2AA3C41224BAE3B6A3155411D17FEA6BBAA3C41D8C34F296A315541B38982AFBBAA3C41C5E61F7C693155415DD86084B8AA3C41FCA1A17969315541819564A2B8AA3C413F9C55176731554102A2FD8EC0AA3C4152EE002067315541D3126D90C0AA3C4152171F76673155411B9DD255D0AA3C41B173EA7167315541EB62264CD0AA3C41DCD58C2D6531554177C4F882C1AA3C4108377E31653155419B3B3C94C1AA3C419F7403356431554140321D22B8AA3C415FFDAD2A64315541FBA6B81BB8AA3C41AF5F2C8864315541CF8570E6B2AA3C41323C138464315541E77B1D96B2AA3C41AD6256E56A315541'),
       (1060, 10060, 5, 1001, 1, 104, 1004, 10002, '2018-02-02 09:00:00 GMT+12', NULL, '010300002091080000010000000B00000098990440AAAA3C41CFA65F8A72315541F3FF4F0BB7AA3C41126B2F126D3155416B4A70C2ADAA3C417865B0B66B315541070508F0A7AA3C417392D6336E3155417143846E99AA3C414B3AED146C3155413254284493AA3C4188D9ACB76E315541665A0FE8A2AA3C4125820A01713155417D51CCA49DAA3C4183D8FE40733155417A858937AFAA3C4189991ED175315541187D81A9B3AA3C415250A3EA7331554198990440AAAA3C41CFA65F8A72315541'),
       (1061, 10061, 5, 1001, 1, 104, 1004, 10002, '2018-02-02 09:00:00 GMT+12', NULL, '010300002091080000010000000700000003D1B41EC8AA3C41F330DF347031554147F0B7BCC2AA3C419D8EF8BE723155412E46136FCAAA3C41EF4700C473315541E2F75F2ED7AA3C41B9E775C06D31554196B886ACCEAA3C416631F19F6C3155419EE7364FC7AA3C41F23362197031554103D1B41EC8AA3C41F330DF3470315541'),
       (1062, 10062, 5, 1001, 1, 104, 1004, 10002, '2018-02-02 09:00:00 GMT+12', NULL, '010300002091080000010000001A00000070F7E6DEBDAA3C410F91E4F41E3155411B5FDE0BC0AA3C411E48C30C1F31554185965442C0AA3C41D0E256BD1E315541732D9CABC6AA3C410D7BCE6315315541EB4DF3C2B6AA3C410D9643B514315541705B7CFCB2AA3C416D09B1361A3155415743A0539FAA3C41E960FF5E193155412625355A8EAA3C41F8EC10203231554195CD4502A6AA3C41049D9C23333155415961E19F9FAA3C4158BE19733C315541A4000F62B4AA3C41C4DED9563D3155412FE5D799B7AA3C41EB947FA5383155416678FDE8B9AA3C41D04DD5BE38315541652DECA4BCAA3C416F9BABD634315541F49A47E6BAAA3C411FFD27C734315541AA65E76EC0AA3C41F07ADF1C2D31554192FBA902D0AA3C41C6E7C6C72D31554172AF8248CFAA3C41953840D72E315541141946C2E2AA3C41D12AEDAC2F3155414FF344D0E3AA3C4139D72E232E31554106E7DF26DDAA3C41273918DA2D315541C3A23B26E1AA3C414A70B20528315541383701AAC4AA3C411B472CCD26315541C5F43147C3AA3C4149869AD228315541A73EF373B7AA3C419652DD502831554170F7E6DEBDAA3C410F91E4F41E315541'),
       (1063, 10063, 5, 1001, 1, 104, 1004, 10002, '2018-02-02 09:00:00 GMT+12', NULL, '0103000020910800000100000005000000A5AFCEB66FAA3C41AC40FA76F6305541DD42509576AA3C4108A32893F6305541D59EC3F676AA3C418BEF1917F5305541950B421870AA3C412F8DEBFAF4305541A5AFCEB66FAA3C41AC40FA76F6305541'),
       (1064, 10064, 5, 1001, 1, 104, 1004, 10002, '2018-02-02 09:00:00 GMT+12', NULL, '010300002091080000010000000F0000002F58AA2278AA3C41A966EC1EF83055410262228D77AA3C4190AAC128F93055412CC5037675AA3C410D97F115F930554180E6710875AA3C417E06BCD8F9305541A433C00176AA3C4134C77FE1F93055412D4616F374AA3C4123DFADC2FB3055410ECDA61A77AA3C41E1F311D6FB305541EC1E75EA76AA3C41399BBF2BFC305541B0C421217CAA3C410DADAB5AFC305541632EDA527CAA3C41EC624702FC3055410602DC407EAA3C415D73A513FC305541ABDAB87A7FAA3C41A50EABE5F93055416D681AAA7CAA3C41A17C55CCF93055418F967A807DAA3C41DBB8384FF83055412F58AA2278AA3C41A966EC1EF8305541'),
       (1065, 10065, 5, 1001, 1, 104, 1004, 10002, '2018-02-02 09:00:00 GMT+12', NULL, '01030000209108000001000000070000001D11876E98AA3C41F9C79396F330554102E055179BAA3C4133A6629DF33055410DCCD7259BAA3C41EBA2B642F3305541025873BC9BAA3C411E313844F3305541E2C16CD49BAA3C416C5B61AEF23055410767029598AA3C41FEEE10A6F23055411D11876E98AA3C41F9C79396F3305541'),
       (1066, 10066, 5, 1001, 1, 104, 1004, 10002, '2018-02-02 09:00:00 GMT+12', NULL, '010300002091080000010000000D0000007A669813A4AA3C4148C8AD38F4305541A1A032FCB0AA3C4136306EC5F4305541B60E5A3CB1AA3C4107974A67F4305541DFFA5FB7B2AA3C418E586F77F4305541BDDC5C9DB3AA3C41C5EBF325F3305541D705BB1FB9AA3C415D270662F3305541A63B6781BAAA3C41A13C0C5BF1305541A8369BF5B1AA3C41A725DDFDF030554117ECFEABB1AA3C41A118E169F1305541F7B2E090A0AA3C41887D5CAFF03055414F2A55D49EAA3C415DCEAE3BF3305541FF184195A4AA3C41611B6B7AF33055417A669813A4AA3C4148C8AD38F4305541'),
       (1067, 10067, 5, 1001, 1, 104, 1004, 10002, '2018-02-02 09:00:00 GMT+12', NULL, '01030000209108000001000000050000008D8E43908EAA3C417E75DFE7EA3055413BBC573AA0AA3C41C3767C65EB30554143A6DD63A1AA3C4132280FC8E83055419578C9B98FAA3C41ED26724AE83055418D8E43908EAA3C417E75DFE7EA305541'),
       (1068, 10068, 5, 1001, 1, 104, 1004, 10002, '2018-02-02 09:00:00 GMT+12', NULL, '010300002091080000010000000500000026CD2FC5A6AA3C4135F07BDCE8305541C1BF4497A1AA3C418EB3F627EA30554178CA00BCA5AA3C413CB62531EB305541DDD7EBE9AAAA3C41E3F2AAE5E930554126CD2FC5A6AA3C4135F07BDCE8305541'),
       (1069, 10069, 5, 1001, 1, 104, 1004, 10002, '2018-02-02 09:00:00 GMT+12', NULL, '0103000020910800000100000007000000CF7C28986AAA3C41766A1687F330554109F3BFCC71AA3C419E013991F3305541A40CCDD878AA3C419B4A4375F4305541A28A79707DAA3C41B32D5F70F2305541855F031F75AA3C4155706A3AF13055417F4EE3836AAA3C410C775140F1305541CF7C28986AAA3C41766A1687F3305541'),
       (1070, 10070, 5, 1001, 1, 104, 1004, 10002, '2018-02-02 09:00:00 GMT+12', NULL, '01030000209108000001000000070000005CA3AD3A6BAA3C41F932AEF9F8305541CDC4379974AA3C418F6CB77FF93055419E4C57FE75AA3C413D6C4DF0F7305541741CAE3D6BAA3C41102E7A56F7305541ED71AF666AAA3C413495EE46F8305541A780CEC86BAA3C41CA99B85AF83055415CA3AD3A6BAA3C41F932AEF9F8305541'),
       (1071, 10071, 5, 1001, 1, 104, 1004, 10002, '2018-02-02 09:00:00 GMT+12', NULL, '0103000020910800000100000005000000BF1112BDC4AA3C41748DBED6FC305541EA62EDB8CFAA3C41D364572DFD3055419E506A9BD0AA3C412537B461FB30554173FF8E9FC5AA3C41C65F1B0BFB305541BF1112BDC4AA3C41748DBED6FC305541'),
       (1072, 10072, 5, 1001, 1, 104, 1004, 10002, '2018-02-02 09:00:00 GMT+12', NULL, '010300002091080000010000000500000047326B8DBAAA3C412843B941F63055417F7F37E8BFAA3C41D883F64DF6305541A1847B29C0AA3C41D65F1A85F43055416937AFCEBAAA3C41261FDD78F430554147326B8DBAAA3C412843B941F6305541'),
       (1073, 10073, 5, 1001, 1, 104, 1004, 10002, '2018-02-02 09:00:00 GMT+12', NULL, '0103000020910800000100000011000000C8F8B8D4B4AA3C4170B3A42EF0305541848AA39BBBAA3C410E451D5DF0305541DAB38734BCAA3C41EF395EF8EE30554106F5C5DABDAA3C41AE9BAD03EF30554169FA806FBEAA3C4175E4A3A8ED305541D00D66A2BDAA3C41FA7425A3ED305541A6D75FD7BDAA3C41B3488927ED3055417ECA5604BAAA3C410FE64F0DED3055416C9B223ABAAA3C413DA9C98FEC305541D648A256B8AA3C414F39D682EC30554149DB0FDEB8AA3C41588ED646EB3055418CDD07EDB1AA3C41F7323D17EB30554172541049B1AA3C41711DD495EC3055410DB8E16DABAA3C416302AC6DEC305541866DC6EEAAAA3C418E054196ED3055419C826696B5AA3C41FEBC50DFED305541C8F8B8D4B4AA3C4170B3A42EF0305541'),
       (1074, 10074, 5, 1001, 1, 104, 1004, 10002, '2018-02-02 09:00:00 GMT+12', NULL, '010300002091080000010000000C0000003D09B615CFAA3C4179349387ED305541BF6A3BEAC6AA3C41118D0869ED30554147201E81C6AA3C4152B2EB2AEF3055413969A5C6CDAA3C4108B81A46EF305541DAA239F7CDAA3C4147FB2F76EE305541E31AFDC8CEAA3C41D3254079EE305541E4E51BBED0AA3C417D853183EE30554129D06524D0AA3C41AE4D6267F0305541A51AB0A0DEAA3C412B10F6B0F0305541438BCD99DFAA3C413DBA3FA0ED305541E5746428CFAA3C414798BA4CED3055413D09B615CFAA3C4179349387ED305541'),
       (1075, 10075, 5, 1001, 1, 104, 1004, 10002, '2018-02-02 09:00:00 GMT+12', NULL, '010300002091080000010000000500000069892AEAAAAA3C41C188E690FD305541DCBD2E32BFAA3C41A4868BBFFC305541E4D479DCBDAA3C41BD50E6ADFA30554171A07594A9AA3C41DA52417FFB30554169892AEAAAAA3C41C188E690FD305541'),
       (1076, 10076, 5, 1001, 1, 104, 1004, 10002, '2018-02-02 09:00:00 GMT+12', NULL, '0103000020910800000100000005000000D1A3770299AA3C41223BAC8D12315541D1A3770299AA3C416C06D678063155419A744E2C9DAA3C416C06D678063155419A744E2C9DAA3C41FC06288412315541D1A3770299AA3C41223BAC8D12315541'),
       (1077, 10077, 5, 1001, 1, 104, 1004, 10002, '2018-02-02 09:00:00 GMT+12', NULL, '0103000020910800000100000013000000AB04D8DFC4AA3C41FDF3D3C511315541AB04D8DFC4AA3C410C2875CD0F315541406D89F8CAAA3C410C2875CD0F315541406D89F8CAAA3C4101952F0E0E315541122173FBC3AA3C4101952F0E0E315541122173FBC3AA3C410349DF140B315541A69C78D2CAAA3C410349DF140B315541A69C78D2CAAA3C41EB5B50D109315541D4D53A11D1AA3C41EB5B50D109315541D4D53A11D1AA3C412A7D631E0B315541368A761FD6AA3C412A7D631E0B315541368A761FD6AA3C412B57BBA109315541F764E6B1E4AA3C412B57BBA109315541F764E6B1E4AA3C41DC27AFC90B315541C83E7831DFAA3C41DC27AFC90B315541C83E7831DFAA3C41CEE0B9030D315541F764E6B1E4AA3C41CEE0B9030D315541F764E6B1E4AA3C41B18BCBB211315541AB04D8DFC4AA3C41FDF3D3C511315541'),
       (1078, 10078, 5, 1001, 1, 104, 1004, 10002, '2018-02-02 09:00:00 GMT+12', NULL, '0103000020910800000100000005000000CE0DBBFC55AA3C417563E680103155418E7144137CAA3C41B44A1E6A103155418E7144137CAA3C41ED79C86107315541CE0DBBFC55AA3C41ED79C86107315541CE0DBBFC55AA3C417563E68010315541'),
       (1079, 10079, 5, 1001, 1, 104, 1004, 10002, '2018-02-02 09:00:00 GMT+12', NULL, '0103000020910800000100000005000000A74CACD7B0AA3C41410DF5A37A315541352794C5B5AA3C41CDB41D0D7B315541D7ABAC9BB6AA3C4154518B6C7A31554149D1C4ADB1AA3C41C8A962037A315541A74CACD7B0AA3C41410DF5A37A315541'),
       (1080, 10080, 5, 1001, 1, 104, 1004, 10002, '2018-02-02 09:00:00 GMT+12', NULL, '0103000020910800000100000005000000461CCACAC4AA3C416AFA0D907B315541E2312F3BC7AA3C41617DAF497C315541DDFE6AE8C9AA3C41A776A1B97B31554142E90578C7AA3C41B0F3FFFF7A315541461CCACAC4AA3C416AFA0D907B315541'),
       (1081, 10081, 5, 1001, 1, 104, 1004, 10002, '2018-02-02 09:00:00 GMT+12', NULL, '010300002091080000010000000500000091B17D7B67AA3C4155905697E6305541B26160B96AAA3C41308AB9C1E6305541E3FB46486BAA3C41A9FCDB12E630554113EC600968AA3C416CC36BE8E530554191B17D7B67AA3C4155905697E6305541'),
       (1082, 10082, 5, 1001, 1, 104, 1004, 10002, '2018-02-02 09:00:00 GMT+12', NULL, '010300002091080000010000000B0000008954EFE300AB3C41EC0C09A64431554197F4332D00AB3C4199BB37CD45315541799387F004AB3C41C2DF64FC453155419139FA9A04AB3C41C7FC97864631554101DF42C709AB3C413DB4D4B94631554159FEEAE108AB3C41B3F94E2C483155410597B2C40EAB3C41EF449B66483155415ECE631D0FAB3C41B29E55D7473155411B808C8413AB3C4120DCF10248315541F4E67B1D15AB3C410F715B6E453155418954EFE300AB3C41EC0C09A644315541'),
       (1083, 10083, 5, 1001, 1, 104, 1004, 10002, '2018-02-02 09:00:00 GMT+12', NULL, '010300002091080000010000001200000094FD129A0BAB3C411B303EE7443155414B7089E90EAB3C414E8BB1C73F3155415DE4A7FD11AB3C41410BD7D23A315541B57C455627AB3C41318DFAA63B315541F56663D22AAB3C4161E1B00A3631554151BCBDB303AB3C415D06EB8534315541F924940104AB3C412FF4990834315541E79E8DD1FAAA3C41CC744BAD333155416C48462DFAAA3C413095C7B5343155417DFEC635F7AA3C41B0AD4B983431554124E40EECF4AA3C4115434A47383155417C7B5FB9F8AA3C411718136D383155416BAFA6E1F5AA3C4181AFB0003D315541A5A5DB0CF2AA3C4145899DDA3C315541599EB1F9F0AA3C4122989F953E315541F1D7EB85F9AA3C41C7B720F33E3155415B23DA3BF6AA3C41E181540A4431554194FD129A0BAB3C411B303EE744315541');

-- add building outlines to existing subset extracts
INSERT INTO buildings_bulk_load.existing_subset_extracts
SELECT buildings.building_outline_id, 4 AS supplied_dataset_id, buildings.shape
FROM buildings.building_outlines buildings
WHERE territorial_authority_id = 2;

-- add complex bulk load outlines to to supplied dataset 4
INSERT INTO buildings_bulk_load.supplied_outlines (supplied_outline_id, supplied_dataset_id, shape)
VALUES (237, 4, '010300002091080000010000000F000000B0D020FCB3AA3C41F06BA23C3C3155416C702A79B5AA3C41A21446233A3155413663C9AAB5AA3C4183AA4BDD393155418B15DA4CB7AA3C4159CED2EF39315541872E4DBEB7AA3C417197D44F39315541327C3C1CB6AA3C419C734D3D39315541FA1A177FB6AA3C41F4A0E4B1383155418D0DBC5AB9AA3C414C7751D23831554152E15BDCBBAA3C41D3A1764935315541BFEEB600B9AA3C4170CB0929353155411785D9ECB9AA3C418BF706DC33315541E120294AA7AA3C41DB54990833315541C0B61B81A0AA3C41B8C9499A3C315541F61ACC23B3AA3C41736CB76D3D315541B0D020FCB3AA3C41F06BA23C3C315541'),
       (238, 4, '0103000020910800000100000005000000E4BD8B64A0AA3C41FEB735C6343155414E9274C0A4AA3C4152E19BF534315541CECE37F1A5AA3C4198252C353331554164FA4E95A1AA3C4143FCC50533315541E4BD8B64A0AA3C41FEB735C634315541'),
       (239, 4, '01030000209108000001000000180000009A2929F0ABAA3C4199DFC077233155410556482CB2AA3C41D293EA531A315541BF4E24179FAA3C414922A483193155410C0808BE92AA3C41D9FCAC9D2B315541541FC47391AA3C417CD49DED3131554194441F17BAAA3C4151FDA0B93331554120B615C1BEAA3C4147CB207F2D315541E16D73D2A5AA3C417217026F2C315541CA754B2CA6AA3C4169294DEB2B315541999815B7DBAA3C415CB9AE332E315541240BFBABDFAA3C417161D366283155410471FD20C5AA3C41FA0B2045273155413669229CC3AA3C41FA292B7F29315541CF0261F4B4AA3C4194F436DF283155412CFA7DD2B5AA3C417E899B9927315541E4D7727AA9AA3C417584E112273155414FFC2099A9AA3C41B8B9E7E526315541A85B6E30B1AA3C41D0CAA23927315541B572AB7FB5AA3C41F3FF6AC726315541FC73B04DB8AA3C4102C307E626315541AF8EA960BAAA3C41EC49A6DB2331554164CC7E29B4AA3C4175A2CF9723315541D1063F03B4AA3C41B9E5E1CF233155419A2929F0ABAA3C4199DFC07723315541'),
       (240, 4, '0103000020910800000100000005000000F2E0E237AEAA3C41832CA04F23315541261A6F01BAAA3C413D81FBD923315541B19DDB4BBDAA3C41A475BC711F315541A42C1684B1AA3C41A60B00E51E315541F2E0E237AEAA3C41832CA04F23315541'),
       (241, 4, '01030000209108000001000000050000002EF2FE89B1AA3C41A849B9E91E31554189FD6FB7BEAA3C41A09BC67E1F315541937CFEBDC5AA3C4107FF882516315541AAC35F97B8AA3C41E5F06787153155412EF2FE89B1AA3C41A849B9E91E315541'),
       (242, 4, '010300002091080000010000000B00000021871454D8AA3C414473996B56315541A9015AB4DEAA3C418D7874BC56315541D1587FF2DDAA3C41A95B0BB157315541C4558E50E2AA3C4131966DE8573155415115111BE3AA3C41649EEAE856315541C6F7C5ABE7AA3C41EC1ECF22573155411680EB20EDAA3C410BC4004050315541AD23791AE1AA3C415BA182A74F31554132F20505E1AA3C41CBF892C24F3155417FF46EBCDDAA3C41375BEF984F31554121871454D8AA3C414473996B56315541'),
       (243, 4, '0103000020910800000100000009000000E830808FBEAA3C41DD853FE84D315541E9DF0557C4AA3C41DE5040264E31554159B06415C5AA3C41E738560A4D315541693F29FFC7AA3C41910F97294D315541977DECBDC8AA3C417E30170D4C315541BD1B0B35C6AA3C4154CAE5F14B3155412A7E6301CBAA3C41750BF8C944315541F2A1FAD8C4AA3C41E8CFE78744315541E830808FBEAA3C41DD853FE84D315541'),
       (244, 4, '0103000020910800000100000006000000F3A609C9BFAA3C419D54EA8E453155417DCCC5ECC0AA3C4111ABDEB145315541C042A42FC3AA3C41AC73E9834431554171AAD605B6AA3C412A0A28F0423155410434F8C2B3AA3C418F411D1E44315541F3A609C9BFAA3C419D54EA8E45315541'),
       (245, 4, '0103000020910800000100000005000000D5287F2CB0AA3C4116B2C6644D315541A0225E8CB4AA3C418E97AA8F4C31554134B1E98E9FAA3C41C5EFDAAA4531554169B70A2F9BAA3C41430AF77F46315541D5287F2CB0AA3C4116B2C6644D315541'),
       (246, 4, '01030000209108000001000000090000008F9F32DBBAAA3C41BC41931254315541CCCADDF6BEAA3C411EF30BA25331554185AA5ED5C3AA3C41C3FB247A5631554183891E15C7AA3C4183B32521563155414C07A10FB9AA3C411B7E7BF04D31554144390B40B4AA3C41DA1243744E3155413D098D90B5AA3C41B8E3D1384F315541E0CCB704B3AA3C41D6E5907E4F3155418F9F32DBBAAA3C41BC41931254315541'),
       (247, 4, '0103000020910800000100000005000000057D543BC8AA3C4132FBE3035D3155416FBFD78DC2AA3C410947770A5931554160E2551FADAA3C419683EE135831554170713B88AAAA3C416C823FAE5B315541057D543BC8AA3C4132FBE3035D315541'),
       (248, 4, '01030000209108000001000000080000009B7A599BACAA3C414D3B08744C315541C57ABCD09AAA3C4108BE3198463155416ECD2D6794AA3C412D93E1CE4731554192B64CDDA4AA3C41C0E67F3E4D315541A0E63FB8A3AA3C4151516F5C4D315541B254CDDEAFAA3C4171C52A73543155416D288CE5B8AA3C4148891F87533155419B7A599BACAA3C414D3B08744C315541'),
       (249, 4, '01030000209108000001000000050000005D74ECB8C6AA3C41B896683E6A3155415ABD1EBCC6AA3C410FB2D1E76A31554119643FE7CCAA3C4153FAF4E56A3155411C1B0DE4CCAA3C41F1DE8B3C6A3155415D74ECB8C6AA3C41B896683E6A315541'),
       (250, 4, '010300002091080000010000001D00000014735211AEAA3C41C4E79218713155418CE6331FB0AA3C4108EF425C713155415696CF6AB1AA3C41647D3DBB70315541DE22EE5CAFAA3C4120768D7770315541A79B1FA1B6AA3C41B22149F06C315541833CB3D4ADAA3C41FBAA5ECE6B315541B33A8360A9AA3C418DBF04F86D3155415C20FF1BA8AA3C41D8C83FCE6D315541EDB0B243A7AA3C41805C47376E31554115CFF22B9FAA3C4137309E2C6D315541BDED19809FAA3C41BB58C1036D315541FAA534E499AA3C41F7DFEF4A6C31554177DAD8F293AA3C41AF72AC2D6F3155412314F8D9A2AA3C41279BBA187131554174C46BC0A1AA3C412B15739671315541E12B15A2A0AA3C416FD9E16F71315541A8B1F7869CAA3C41D1E59155733155419BC5CDECA4AA3C41DB015172743155414AE3A37EA6AA3C410E72AEBE73315541629AD0C9A8AA3C4198D36B0E7431554166D7418BAAAA3C410C35B32D733155415F70387BA8AA3C41AE8D23EA723155415164EF06A9AA3C4187A32DA2723155414095475FAAAA3C41795656D272315541F2088F13ABAA3C41DFBE12747231554119C91E4CADAA3C41282141BD72315541FB019343AEAA3C41DDB11845723155415BC1A132ACAA3C41EBC703017231554114735211AEAA3C41C4E7921871315541'),
       (251, 4, '0103000020910800000100000048000000D73B928FDEAA3C415528FB6966315541F412C664DEAA3C41A00C3E6966315541AFADE139DEAA3C4148627069663155412A9D380FDEAA3C4128C7916A6631554144FF1DE5DDAA3C417D07A06C6631554108DCE3BBDDAA3C41E521976F663155414986DA93DDAA3C41834F717366315541F1FE4F6DDDAA3C41D80E277866315541005D8F48DDAA3C41C832AF7D663155416A3BE025DDAA3C413CF4FE8366315541D72D8605DDAA3C4135070A8B66315541F03BC0E7DCAA3C41ADB2C29266315541E367C8CCDCAA3C418FEB199B66315541533CD3B4DCAA3C41BB71FFA366315541FB660FA0DCAA3C41D4EF61AD66315541455CA58EDCAA3C41191D2FB766315541430AB780DCAA3C41D3E053C166315541E6945F76DCAA3C41C077BCCB66315541AD22B36FDCAA3C41569A54D666315541DAB3BE6CDCAA3C418FA407E1663155417B0A886DDCAA3C41E0BDC0EB66315541F89D0D72DCAA3C4102026BF6663155414C9F467ADCAA3C417BA9F10067315541EF082386DCAA3C414A32400B6731554166BF8B95DCAA3C41BA87421567315541B9BC62A8DCAA3C419029E51E673155417B4C83BEDCAA3C410C521528673155414A52C2D7DCAA3C41721AC130673155412E9EEEF3DCAA3C41D69DD738673155410D4CD112DDAA3C41501A494067315541932F2E34DDAA3C41530F0747673155414448C457DDAA3C412D5A044D67315541AB404E7DDDAA3C418D4F355267315541BEF582A4DDAA3C413BD28F5667315541A40416CDDDAA3C41BB660B5A673155415960B8F6DDAA3C411344A15C67315541B3EA1821DEAA3C41A1604C5E673155419613E54BDEAA3C41567C095F67315541DA78C976DEAA3C41AD26D75E673155415F8972A1DEAA3C41CEC1B55D6731554145278DCBDEAA3C417981A75B67315541824AC7F4DEAA3C411167B0586731554141A0D01CDFAA3C417339D6546731554199275B43DFAA3C411E7A2050673155418AC91B68DFAA3C412D56984A6731554120EBCA8ADFAA3C41BA94484467315541B3F824ABDFAA3C41C1813D3D673155419AEAEAC8DFAA3C4149D6843567315541A7BEE2E3DFAA3C41679D2D2D6731554137EAD7FBDFAA3C413B174824673155418FBF9B10E0AA3C412199E51A6731554144CA0522E0AA3C41DD6B181167315541471CF42FE0AA3C4123A8F30667315541A4914B3AE0AA3C4136118BFC66315541DD03F840E0AA3C41A0EEF2F166315541AF72EC43E0AA3C4167E43FE7663155410F1C2343E0AA3C4116CB86DC6631554192889D3EE0AA3C41F486DCD1663155413E876436E0AA3C417BDF55C7663155419B1D882AE0AA3C41AC5607BD6631554123671F1BE0AA3C413C0105B366315541D1694808E0AA3C41665F62A9663155410FDA27F2DFAA3C41EA3632A0663155413FD4E8D8DFAA3C41846E8697663155415C88BCBCDFAA3C411FEB6F8F663155417CDAD99DDFAA3C41A66EFE8766315541F7F67C7CDFAA3C41A37940816631554146DEE658DFAA3C41C92E437B66315541DFE55C33DFAA3C416939127666315541CC30280CDFAA3C41BBB6B771663155416A483FF5DEAA3C413D37A16F66315541D73B928FDEAA3C415528FB6966315541'),
       (252, 4, '010300002091080000010000000500000069DC4036B2AA3C41CD2428BB75315541F1170EADB4AA3C41848EA90D763155414548DD87B6AA3C414D8DC62A75315541BD0C1011B4AA3C41A12345D87431554169DC4036B2AA3C41CD2428BB75315541'),
       (253, 4, '010300002091080000010000000B0000004392F68AC0AA3C41E031DB477331554197EC8EEAC4AA3C41A8BFC5D97331554120C4DFC6C2AA3C4182A36AE0743155410551B5D8C6AA3C41E6BF326875315541913D4AADD6AA3C415C50C4D06D3155415C64AF6CCEAA3C41EFA46EBD6C31554150196253C7AA3C41F12AED24703155414413AC5AC8AA3C4176A13D477031554110B50AC7C2AA3C4189CFDDF37231554117ADED8EC1AA3C41465A30CB723155414392F68AC0AA3C41E031DB4773315541'),
       (254, 4, '0103000020910800000100000009000000A7DA3CB2C0AA3C417DBD8E666731554157F4A090D0AA3C41CDA34D7667315541EB360BB6D0AA3C419431FC1A653155410BEF729AC9AA3C4148B4EE13653155410E03C8A0C9AA3C41A0D2D2AD643155411E356885C7AA3C4136A1BBAB643155418CDB687FC7AA3C41B426710C65315541ACD7FCD7C0AA3C411AEFD60565315541A7DA3CB2C0AA3C417DBD8E6667315541'),
       (255, 4, '010300002091080000010000001400000000E3F8BAD7AA3C4132EEA1FC6831554100E3F8BAD7AA3C414AFD6739683155419744AC98D8AA3C414AFD6739683155419744AC98D8AA3C419EE2C0C76731554152CD51E5D7AA3C419EE2C0C76731554152CD51E5D7AA3C411077F3906731554103541F5CDBAA3C411077F39067315541C44D9972DBAA3C4116BFCC4A6431554158B0A620D1AA3C414CCB824664315541B4F9EA06D1AA3C417C5C3E2165315541DDF6F375D7AA3C4168A7AE2465315541F3C3AD81D7AA3C410496D86B67315541601E95D1D3AA3C410496D86B67315541601E95D1D3AA3C4132EEA1FC68315541B7A8A205D3AA3C4145CD80FF68315541B7A8A205D3AA3C41910851AE693155414039E195D1AA3C41910851AE693155414039E195D1AA3C41F846DFF76A31554100E3F8BAD7AA3C41F846DFF76A31554100E3F8BAD7AA3C4132EEA1FC68315541'),
       (256, 4, '010300002091080000010000000B000000C8A30A59C2AA3C41A2AB1BE66A315541C8A30A59C2AA3C41A81A3F2B6A315541E4A70E48BBAA3C41A81A3F2B6A315541E4A70E48BBAA3C416FB95D8269315541A027D0BAB5AA3C416FB95D8269315541A027D0BAB5AA3C41778905346A31554163292F4AB6AA3C41778905346A31554163292F4AB6AA3C41013408776A315541473A6630B8AA3C41013408776A315541473A6630B8AA3C4149758FE26A315541C8A30A59C2AA3C41A2AB1BE66A315541'),
       (257, 4, '0103000020910800000100000005000000E5ABB0916BAA3C41F4D64743F9305541D01AC7DC76AA3C417FF3BFC6F9305541D919DC1378AA3C419454C868F8305541711076E16CAA3C41D6C589C9F7305541E5ABB0916BAA3C41F4D64743F9305541'),
       (258, 4, '01030000209108000001000000070000003CF406C666AA3C410F6E24DEE83055414D3BDF6D6CAA3C413314F41FE9305541A9289CA56CAA3C41D44D50D3E830554150256FC676AA3C414F592B49E9305541C44E5A8678AA3C414D0048E1E63055410E0BAFBD68AA3C41AE4E9D29E63055413CF406C666AA3C410F6E24DEE8305541'),
       (259, 4, '010300002091080000010000002A0000005A9F961958AA3C41192CFEDBE6305541E8AC19A060AA3C4185DBEB44E73055410E6613DB60AA3C413AD140F8E63055419DA810F660AA3C412BC735F4E6305541B9513B1061AA3C41608ED7EFE6305541D95E832961AA3C4108D328EBE63055411858D94161AA3C4192722CE6E6305541B0592E5961AA3C41F079E5E0E6305541131D746F61AA3C41B82357DBE6305541A9019D8461AA3C412AD684D5E630554126159C9861AA3C411B2172CFE6305541761B65AB61AA3C41C8BB22C9E63055413796ECBC61AA3C4191829AC2E6305541C7CB27CD61AA3C419A74DDBBE6305541CCCD0CDC61AA3C415AB1EFB4E6305541507F92E961AA3C411576D5ADE63055414D9AB0F561AA3C41451B93A6E6305541C1B45F0062AA3C41F1112D9FE63055413845990962AA3C41F3E0A797E6305541C7A6571162AA3C4137220890E6305541871C961762AA3C41E77F5288E630554174D4501C62AA3C4191B18B80E6305541C9E9841F62AA3C414779B878E6305541C266302162AA3C41B1A0DD70E6305541D245522162AA3C4122F6FF68E63055413F72EA1F62AA3C41A7492461E630554131C8F91C62AA3C41166A4F59E63055412B14821862AA3C411B228651E6305541F311861262AA3C414935CD49E6305541E36A090B62AA3C41325D2942E6305541ACB3100262AA3C4183469F3AE63055418969A1F761AA3C41278E3333E6305541E6EEC1EB61AA3C4172BEEA2BE6305541728779DE61AA3C415E4CC924E6305541B353D0CF61AA3C41D094D31DE6305541094CCFBF61AA3C41E8D90D17E6305541333B80AE61AA3C416E407C10E630554151B8ED9B61AA3C4141CD220AE6305541976AD04362AA3C41D7EFC157E530554177B0549359AA3C41906B52F9E43055415457633F59AA3C411DA2A4FFE53055415A9F961958AA3C41192CFEDBE6305541'),
       (260, 4, '0103000020910800000100000006000000B4D7745064AA3C4154E533F4E9305541BA1FA82A63AA3C41DF776C8DEB3055415E4DF81967AA3C4128CE68A2EB3055413DBB2B3A6BAA3C41EB531ED9EB3055418EDF0D596CAA3C419C69A352EA305541B4D7745064AA3C4154E533F4E9305541'),
       (261, 4, '01030000209108000001000000080000004A2D2BB16BAA3C412358C27EEC3055412A7DF79372AA3C41228635C8EC305541409DC4FC6DAA3C41B260A13BED3055415DAE82766FAA3C41D143EC6BEE305541D6999D5F75AA3C4140CCF7FBED3055411FDDF1C377AA3C41E5BFA1D0EA305541FAEAE1546DAA3C419B69A352EA3055414A2D2BB16BAA3C412358C27EEC305541'),
       (262, 4, '010300002091080000010000000500000067062E4E5DAA3C4119C24EF2F1305541B8A8FB1264AA3C41BEC70F40F2305541B460C83865AA3C413435D7A6F030554162BEFA735EAA3C418F2F1659F030554167062E4E5DAA3C4119C24EF2F1305541'),
       (263, 4, '010300002091080000010000000800000032EEF9ED69AA3C41C8AD78DFF33055419DA28B2072AA3C41C8AD78DFF33055411914202575AA3C4140621A34F43055419068E70E75AA3C41A186CCFFF430554150780CB179AA3C413FE3E207F5305541A6A0510D7AAA3C41339C13BAF13055410CF1EE2C6AAA3C41F7685D9EF130554132EEF9ED69AA3C41C8AD78DFF3305541'),
       (264, 4, '010300002091080000010000000500000089D900816FAA3C412664B9B8F6305541E208A7D177AA3C41DF5D7DD5F63055410662982578AA3C419D214151F5305541AC32F2D46FAA3C41E4277D34F530554189D900816FAA3C412664B9B8F6305541'),
       (265, 4, '0103000020910800000100000005000000B81383CD8CAA3C416DA4D8C3E630554170DE367C85AA3C419DFECD87E63055415F22441085AA3C4130BA4D5AE7305541A05790618CAA3C41FF5F5896E7305541B81383CD8CAA3C416DA4D8C3E6305541'),
       (266, 4, '0103000020910800000100000005000000ED892AA580AA3C411CF24FDAEA3055412EDD31EE7FAA3C41B82AEAD2EB30554146141D1189AA3C415746813EEC305541FEC015C889AA3C41BA0DE745EB305541ED892AA580AA3C411CF24FDAEA305541'),
       (267, 4, '01030000209108000001000000140000004D1841B68DAA3C412D4F8EBEEA3055411A557EDA9FAA3C41B4A4179DEB3055416AEC91DBA0AA3C416A72C64DEA305541CFEDA16DA4AA3C4149DD1694EB305541DE11BA07ABAA3C4184F2C66CEA305541CB667A6AA6AA3C413C1057CFE8305541A53B0897A5AA3C41DC2919F5E830554116D58ADFA4AA3C41AB79E0B4E83055418D13BAA3A1AA3C411977B348E9305541C34B4610A2AA3C41C1F31DBBE8305541688C4F6499AA3C41EF64BE50E83055418C988F8D99AA3C41D169F01AE83055410EE5414597AA3C41F2F4F0FEE7305541D345971F97AA3C41A2481230E83055410A739BF094AA3C41CC6A4915E83055418EB1151195AA3C419DBEECEAE73055414C5FE9FA91AA3C4145F40FC5E7305541945560CE91AA3C4101DE26FFE7305541F4B48FE38FAA3C417B34A2E7E73055414D1841B68DAA3C412D4F8EBEEA305541'),
       (268, 4, '0103000020910800000100000009000000CCC64C9398AA3C417836DC4BE4305541F0C044B197AA3C419CF35811E73055415D86AB55A5AA3C4156EDE256E7305541C8EB1C3BA6AA3C4145C4B086E4305541B350E395A1AA3C4157E0026FE4305541BB325DAFA1AA3C4117690B1FE43055415FE079739FAA3C41D44CA813E4305541C99E96569FAA3C410230556EE4305541CCC64C9398AA3C417836DC4BE4305541'),
       (269, 4, '010300002091080000010000000B000000299021D7CDAA3C410391E34DED305541810273C9CDAA3C4185D9D58AED305541C72FD3DDC5AA3C4146F4626EED305541ED0DA679C5AA3C41825CA02CEF305541CE9CAA9FCCAA3C418E7C4D46EF305541D3D0B878CCAA3C414266C8F3EF3055410C80D3B6CFAA3C4191FF6DFFEF305541DE7C6E9ECFAA3C41A5B0186CF030554106215E05DEAA3C410390D39FF0305541AC9F90B6DEAA3C417F447E8AED305541299021D7CDAA3C410391E34DED305541'),
       (270, 4, '0103000020910800000100000005000000B451778D6AAA3C4139DE4BB8FA3055412212801A6AAA3C411A6AE76AFB30554164E604B16FAA3C414F1D74A4FB305541F125FC2370AA3C416E91D8F1FA305541B451778D6AAA3C4139DE4BB8FA305541'),
       (271, 4, '010300002091080000010000000D0000005162D19AAAAA3C41B613FEBDFD305541067E8508BFAA3C4162E4A7D2FC305541AA59B77FBDAA3C4159CE17B1FA305541C0374A0FB8AA3C41978EC0EFFA3055416EA04EEAB7AA3C41FD1F63BCFA305541D40AFDBFB2AA3C417B3CE4F7FA3055410B35E1EAB2AA3C4113777633FB305541E093CAD6B0AA3C419B1F684BFB305541891DD6A8B0AA3C41AE97940BFB305541AD830FE4ADAA3C4185B0792BFB3055411558AA1CAEAA3C418BD7177AFB305541F52E9222A9AA3C41C0686DB3FB3055415162D19AAAAA3C41B613FEBDFD305541'),
       (272, 4, '0103000020910800000100000005000000416383ACCEAA3C41880A8770FD305541F829D13CD0AA3C41D5D80882FB30554126D7B407C4AA3C413639EBE3FA30554178106777C2AA3C41EA6A69D2FC305541416383ACCEAA3C41880A8770FD305541'),
       (273, 4, '010300002091080000010000000F000000B6BC47B79EAA3C41B3C92DC6F23055419C42F163A3AA3C41ABB9D600F330554177AA1FD8A2AA3C41E38E1BB3F3305541E6893995A7AA3C4185C992EEF3305541BFA65B2FA7AA3C41FB177470F43055410EC7C996AFAA3C41E06EEAD9F4305541090D0FFCAFAA3C4199B5CB58F4305541C88C1D37B1AA3C417B5C3D68F430554127CABC59B2AA3C419E54B2F5F230554147489C29B8AA3C419FADA13EF3305541A56A46A7B9AA3C41645B0258F130554131D61C47B1AA3C418238E7EEF0305541974053DBB0AA3C417C0A5578F13055418B515D5FA0AA3C41F1AB78A9F0305541B6BC47B79EAA3C41B3C92DC6F2305541'),
       (274, 4, '01030000209108000001000000090000004F7A0712BAAA3C41D8CC3225F63055417E3715B1BEAA3C411F913767F6305541A3843D47BEAA3C41D9BFC2DDF630554113AF652BC2AA3C41EE8F5915F7305541A84798E6C3AA3C4154EFF724F5305541300A77C3BFAA3C412F82DDE9F43055419D4FAC1AC0AA3C4175343188F430554161A597BABBAA3C413E0DB049F43055414F7A0712BAAA3C41D8CC3225F6305541'),
       (275, 4, '0103000020910800000100000005000000277514B698AA3C41AD4E4E92F2305541F2A0DBC497AA3C41CD85CDB9F3305541E3F54DB09AAA3C413117F0DFF330554111CA86A19BAA3C4113E070B8F2305541277514B698AA3C41AD4E4E92F2305541'),
       (276, 4, '0103000020910800000100000005000000B21A488F84AA3C41FEA57A5CE8305541F8139C598AAA3C41686DB5A1E8305541255D09E48AAA3C41260076E8E7305541EC63B51985AA3C41BA383BA3E7305541B21A488F84AA3C41FEA57A5CE8305541'),
       (277, 4, '01030000209108000001000000050000007AB499FB7EAA3C4153EDCF85E53055410C82166E7EAA3C411C47BC6DE6305541B840FA6982AA3C41962AA194E630554126737DF782AA3C41CDD0B4ACE53055417AB499FB7EAA3C4153EDCF85E5305541'),
       (278, 4, '01030000209108000001000000130000007A3E502BB0AA3C414EF5308CEC3055412E6FA1F5A9AA3C412A716242EC30554118A075DFA8AA3C41107ED8B8ED305541FE239D9BB3AA3C411A457038EE305541AC93FED6B3AA3C4155CC80E8ED3055417FAE5269B5AA3C419CC22EFBED30554103FBD3C2B3AA3C41EE02ED33F03055418CF17DF7BAAA3C41E5289289F03055415E63BB19BCAA3C410CFCDC02EF305541650AB359BDAA3C418B06B811EF305541C21FCF5DBEAA3C41933892B3ED3055419E6CA83DBDAA3C41AA5631A6ED30554179458EA0BDAA3C410E9F0F21ED30554181CCD49BB9AA3C41EB7E4CF1EC3055415F45ADDFB9AA3C412FDCF795EC30554149C33259B7AA3C413400F477EC3055417C26BB1CB8AA3C41FC66BC70EB305541AF67A73AB1AA3C4161DBEC1EEB3055417A3E502BB0AA3C414EF5308CEC305541'),
       (279, 4, '0103000020910800000100000005000000BE6EBAE084AA3C4134544689E8305541D22D756584AA3C418D352E42E930554171B1C2BD89AA3C416070317BE930554154F207398AAA3C41058F49C2E8305541BE6EBAE084AA3C4134544689E8305541'),
       (280, 4, '01030000209108000001000000050000009E0256B698AA3C41731E686C0D3155419E0256B698AA3C416C06D6780631554122599123B2AA3C416C06D6780631554122599123B2AA3C410082DB4F0D3155419E0256B698AA3C41731E686C0D315541'),
       (281, 4, '01030000209108000001000000050000001234C7B9C4AA3C41D7BF4FBC113155411234C7B9C4AA3C41B8A7DAC6083155419035F7D7E4AA3C41B8A7DAC6083155419035F7D7E4AA3C41D7BF4FBC113155411234C7B9C4AA3C41D7BF4FBC11315541'),
       (282, 4, '0103000020910800000100000009000000AEBFFF0769AA3C41B34A1E6A1031554186B0EAAD75AA3C41E72AD21A0F315541B62F1BEB7AAA3C41B16E57F10B31554186B0EAAD75AA3C417BB2DCC708315541AEBFFF0769AA3C41AF92907807315541D6CE14625CAA3C417BB2DCC708315541A64FE42457AA3C41B16E57F10B315541D6CE14625CAA3C41E72AD21A0F315541AEBFFF0769AA3C41B34A1E6A10315541'),
       (283, 4, '0103000020910800000100000008000000563924FAC5AA3C418482C8B47B315541F27F9F02C5AA3C41EDB780FB7B315541F504FA80C7AA3C41088524877C31554162631FD1C9AA3C417F45F5DD7B31554104EF8BE9C5AA3C41D45D8D207B3155413E46E0C6B1AA3C41FD79F7637A315541255CDE77B1AA3C418714F0EA7A315541563924FAC5AA3C418482C8B47B315541'),
       (284, 4, '010300002091080000010000000500000027683A58AFAA3C41D9360E0D75315541BAB9883AB1AA3C41BFE8935675315541589B5972B2AA3C4134B5BBD674315541025B159AB0AA3C419DCABD8E7431554127683A58AFAA3C41D9360E0D75315541'),
       (285, 4, '010300002091080000010000000F000000EA6AF74BFFAA3C412D7A2AA145315541161BDFDC04AB3C4150AE11CC45315541827BD6B504AB3C41E46D501B463155414912B7E309AB3C4165CE214446315541B3F69C1509AB3C4159FB8DE647315541BCE2B42F0EAB3C41AF70C30E483155417DE7227B0EAB3C41EFC5A0754731554173EA721B14AB3C41B606F8A147315541647B9B8F15AB3C417B4A6CAE44315541FA6E5BE908AB3C41E44DBB4A4431554183A0B1C308AB3C4175D53197443155419DBFBE4705AB3C41FF4ABC7B443155412BCFD85A05AB3C416CA0F454443155414530530400AB3C41CAECE22A44315541EA6AF74BFFAA3C412D7A2AA145315541'),
       (286, 4, '01030000209108000001000000050000007247DF41F8AA3C41F98D2A62433155414BCF8F0A0CAB3C417580534844315541F435078E0FAB3C4115C8ED673F3155411D02E1C3FBAA3C410B77CB833E3155417247DF41F8AA3C41F98D2A6243315541'),
       (287, 4, '010300002091080000010000000700000009EF471603AB3C41AC40560F34315541B587C6A9FBAA3C41852CA7483E31554117566A350FAB3C41CF58172C3F315541E1CB9BE612AB3C41053725473A315541F7CC519A26AB3C4165AB672C3B3155416CFC67792AAB3C41F229A9D93531554109EF471603AB3C41AC40560F34315541'),
       (288, 4, '010300002091080000010000000E000000B587C6A9FBAA3C41852CA7483E31554109EF471603AB3C41AC40560F343155417341A06403AB3C415BCF9CA333315541C4B59BBBF8AA3C4191F7902733315541DAA75155F5AA3C41DACA36D437315541504C12BDF8AA3C4152D2D6FB3731554172497B78F7AA3C414C7626BA39315541706A2566F5AA3C4141490BA239315541ECC17CA6F4AA3C41F53093A93A31554184FE76CCF6AA3C41E4ED92C23A3155412229DC70F5AA3C4151D387A03C31554126B57256F2AA3C4169C26B7C3C31554183D3D65EF1AA3C41AF18E2D03D315541B587C6A9FBAA3C41852CA7483E315541');

INSERT INTO buildings_bulk_load.bulk_load_outlines (bulk_load_outline_id, supplied_dataset_id, bulk_load_status_id, capture_method_id, capture_source_id, suburb_locality_id, town_city_id, territorial_authority_id, shape)
VALUES (2037, 4, 1, 5, 1001, 104, 1004, 10002, '010300002091080000010000000F000000B0D020FCB3AA3C41F06BA23C3C3155416C702A79B5AA3C41A21446233A3155413663C9AAB5AA3C4183AA4BDD393155418B15DA4CB7AA3C4159CED2EF39315541872E4DBEB7AA3C417197D44F39315541327C3C1CB6AA3C419C734D3D39315541FA1A177FB6AA3C41F4A0E4B1383155418D0DBC5AB9AA3C414C7751D23831554152E15BDCBBAA3C41D3A1764935315541BFEEB600B9AA3C4170CB0929353155411785D9ECB9AA3C418BF706DC33315541E120294AA7AA3C41DB54990833315541C0B61B81A0AA3C41B8C9499A3C315541F61ACC23B3AA3C41736CB76D3D315541B0D020FCB3AA3C41F06BA23C3C315541'),
       (2038, 4, 1, 5, 1001, 104, 1004, 10002, '0103000020910800000100000005000000E4BD8B64A0AA3C41FEB735C6343155414E9274C0A4AA3C4152E19BF534315541CECE37F1A5AA3C4198252C353331554164FA4E95A1AA3C4143FCC50533315541E4BD8B64A0AA3C41FEB735C634315541'),
       (2039, 4, 1, 5, 1001, 104, 1004, 10002, '01030000209108000001000000180000009A2929F0ABAA3C4199DFC077233155410556482CB2AA3C41D293EA531A315541BF4E24179FAA3C414922A483193155410C0808BE92AA3C41D9FCAC9D2B315541541FC47391AA3C417CD49DED3131554194441F17BAAA3C4151FDA0B93331554120B615C1BEAA3C4147CB207F2D315541E16D73D2A5AA3C417217026F2C315541CA754B2CA6AA3C4169294DEB2B315541999815B7DBAA3C415CB9AE332E315541240BFBABDFAA3C417161D366283155410471FD20C5AA3C41FA0B2045273155413669229CC3AA3C41FA292B7F29315541CF0261F4B4AA3C4194F436DF283155412CFA7DD2B5AA3C417E899B9927315541E4D7727AA9AA3C417584E112273155414FFC2099A9AA3C41B8B9E7E526315541A85B6E30B1AA3C41D0CAA23927315541B572AB7FB5AA3C41F3FF6AC726315541FC73B04DB8AA3C4102C307E626315541AF8EA960BAAA3C41EC49A6DB2331554164CC7E29B4AA3C4175A2CF9723315541D1063F03B4AA3C41B9E5E1CF233155419A2929F0ABAA3C4199DFC07723315541'),
       (2040, 4, 1, 5, 1001, 104, 1004, 10002, '0103000020910800000100000005000000F2E0E237AEAA3C41832CA04F23315541261A6F01BAAA3C413D81FBD923315541B19DDB4BBDAA3C41A475BC711F315541A42C1684B1AA3C41A60B00E51E315541F2E0E237AEAA3C41832CA04F23315541'),
       (2041, 4, 1, 5, 1001, 104, 1004, 10002, '01030000209108000001000000050000002EF2FE89B1AA3C41A849B9E91E31554189FD6FB7BEAA3C41A09BC67E1F315541937CFEBDC5AA3C4107FF882516315541AAC35F97B8AA3C41E5F06787153155412EF2FE89B1AA3C41A849B9E91E315541'),
       (2042, 4, 1, 5, 1001, 104, 1004, 10002, '010300002091080000010000000B00000021871454D8AA3C414473996B56315541A9015AB4DEAA3C418D7874BC56315541D1587FF2DDAA3C41A95B0BB157315541C4558E50E2AA3C4131966DE8573155415115111BE3AA3C41649EEAE856315541C6F7C5ABE7AA3C41EC1ECF22573155411680EB20EDAA3C410BC4004050315541AD23791AE1AA3C415BA182A74F31554132F20505E1AA3C41CBF892C24F3155417FF46EBCDDAA3C41375BEF984F31554121871454D8AA3C414473996B56315541'),
       (2043, 4, 1, 5, 1001, 104, 1004, 10002, '0103000020910800000100000009000000E830808FBEAA3C41DD853FE84D315541E9DF0557C4AA3C41DE5040264E31554159B06415C5AA3C41E738560A4D315541693F29FFC7AA3C41910F97294D315541977DECBDC8AA3C417E30170D4C315541BD1B0B35C6AA3C4154CAE5F14B3155412A7E6301CBAA3C41750BF8C944315541F2A1FAD8C4AA3C41E8CFE78744315541E830808FBEAA3C41DD853FE84D315541'),
       (2044, 4, 1, 5, 1001, 104, 1004, 10002, '0103000020910800000100000006000000F3A609C9BFAA3C419D54EA8E453155417DCCC5ECC0AA3C4111ABDEB145315541C042A42FC3AA3C41AC73E9834431554171AAD605B6AA3C412A0A28F0423155410434F8C2B3AA3C418F411D1E44315541F3A609C9BFAA3C419D54EA8E45315541'),
       (2045, 4, 1, 5, 1001, 104, 1004, 10002, '0103000020910800000100000005000000D5287F2CB0AA3C4116B2C6644D315541A0225E8CB4AA3C418E97AA8F4C31554134B1E98E9FAA3C41C5EFDAAA4531554169B70A2F9BAA3C41430AF77F46315541D5287F2CB0AA3C4116B2C6644D315541'),
       (2046, 4, 1, 5, 1001, 104, 1004, 10002, '01030000209108000001000000090000008F9F32DBBAAA3C41BC41931254315541CCCADDF6BEAA3C411EF30BA25331554185AA5ED5C3AA3C41C3FB247A5631554183891E15C7AA3C4183B32521563155414C07A10FB9AA3C411B7E7BF04D31554144390B40B4AA3C41DA1243744E3155413D098D90B5AA3C41B8E3D1384F315541E0CCB704B3AA3C41D6E5907E4F3155418F9F32DBBAAA3C41BC41931254315541'),
       (2047, 4, 1, 5, 1001, 104, 1004, 10002, '0103000020910800000100000005000000057D543BC8AA3C4132FBE3035D3155416FBFD78DC2AA3C410947770A5931554160E2551FADAA3C419683EE135831554170713B88AAAA3C416C823FAE5B315541057D543BC8AA3C4132FBE3035D315541'),
       (2048, 4, 1, 5, 1001, 104, 1004, 10002, '01030000209108000001000000080000009B7A599BACAA3C414D3B08744C315541C57ABCD09AAA3C4108BE3198463155416ECD2D6794AA3C412D93E1CE4731554192B64CDDA4AA3C41C0E67F3E4D315541A0E63FB8A3AA3C4151516F5C4D315541B254CDDEAFAA3C4171C52A73543155416D288CE5B8AA3C4148891F87533155419B7A599BACAA3C414D3B08744C315541'),
       (2049, 4, 1, 5, 1001, 104, 1004, 10002, '01030000209108000001000000050000005D74ECB8C6AA3C41B896683E6A3155415ABD1EBCC6AA3C410FB2D1E76A31554119643FE7CCAA3C4153FAF4E56A3155411C1B0DE4CCAA3C41F1DE8B3C6A3155415D74ECB8C6AA3C41B896683E6A315541'),
       (2050, 4, 1, 5, 1001, 104, 1004, 10002, '010300002091080000010000001D00000014735211AEAA3C41C4E79218713155418CE6331FB0AA3C4108EF425C713155415696CF6AB1AA3C41647D3DBB70315541DE22EE5CAFAA3C4120768D7770315541A79B1FA1B6AA3C41B22149F06C315541833CB3D4ADAA3C41FBAA5ECE6B315541B33A8360A9AA3C418DBF04F86D3155415C20FF1BA8AA3C41D8C83FCE6D315541EDB0B243A7AA3C41805C47376E31554115CFF22B9FAA3C4137309E2C6D315541BDED19809FAA3C41BB58C1036D315541FAA534E499AA3C41F7DFEF4A6C31554177DAD8F293AA3C41AF72AC2D6F3155412314F8D9A2AA3C41279BBA187131554174C46BC0A1AA3C412B15739671315541E12B15A2A0AA3C416FD9E16F71315541A8B1F7869CAA3C41D1E59155733155419BC5CDECA4AA3C41DB015172743155414AE3A37EA6AA3C410E72AEBE73315541629AD0C9A8AA3C4198D36B0E7431554166D7418BAAAA3C410C35B32D733155415F70387BA8AA3C41AE8D23EA723155415164EF06A9AA3C4187A32DA2723155414095475FAAAA3C41795656D272315541F2088F13ABAA3C41DFBE12747231554119C91E4CADAA3C41282141BD72315541FB019343AEAA3C41DDB11845723155415BC1A132ACAA3C41EBC703017231554114735211AEAA3C41C4E7921871315541'),
       (2051, 4, 1, 5, 1001, 104, 1004, 10002, '0103000020910800000100000048000000D73B928FDEAA3C415528FB6966315541F412C664DEAA3C41A00C3E6966315541AFADE139DEAA3C4148627069663155412A9D380FDEAA3C4128C7916A6631554144FF1DE5DDAA3C417D07A06C6631554108DCE3BBDDAA3C41E521976F663155414986DA93DDAA3C41834F717366315541F1FE4F6DDDAA3C41D80E277866315541005D8F48DDAA3C41C832AF7D663155416A3BE025DDAA3C413CF4FE8366315541D72D8605DDAA3C4135070A8B66315541F03BC0E7DCAA3C41ADB2C29266315541E367C8CCDCAA3C418FEB199B66315541533CD3B4DCAA3C41BB71FFA366315541FB660FA0DCAA3C41D4EF61AD66315541455CA58EDCAA3C41191D2FB766315541430AB780DCAA3C41D3E053C166315541E6945F76DCAA3C41C077BCCB66315541AD22B36FDCAA3C41569A54D666315541DAB3BE6CDCAA3C418FA407E1663155417B0A886DDCAA3C41E0BDC0EB66315541F89D0D72DCAA3C4102026BF6663155414C9F467ADCAA3C417BA9F10067315541EF082386DCAA3C414A32400B6731554166BF8B95DCAA3C41BA87421567315541B9BC62A8DCAA3C419029E51E673155417B4C83BEDCAA3C410C521528673155414A52C2D7DCAA3C41721AC130673155412E9EEEF3DCAA3C41D69DD738673155410D4CD112DDAA3C41501A494067315541932F2E34DDAA3C41530F0747673155414448C457DDAA3C412D5A044D67315541AB404E7DDDAA3C418D4F355267315541BEF582A4DDAA3C413BD28F5667315541A40416CDDDAA3C41BB660B5A673155415960B8F6DDAA3C411344A15C67315541B3EA1821DEAA3C41A1604C5E673155419613E54BDEAA3C41567C095F67315541DA78C976DEAA3C41AD26D75E673155415F8972A1DEAA3C41CEC1B55D6731554145278DCBDEAA3C417981A75B67315541824AC7F4DEAA3C411167B0586731554141A0D01CDFAA3C417339D6546731554199275B43DFAA3C411E7A2050673155418AC91B68DFAA3C412D56984A6731554120EBCA8ADFAA3C41BA94484467315541B3F824ABDFAA3C41C1813D3D673155419AEAEAC8DFAA3C4149D6843567315541A7BEE2E3DFAA3C41679D2D2D6731554137EAD7FBDFAA3C413B174824673155418FBF9B10E0AA3C412199E51A6731554144CA0522E0AA3C41DD6B181167315541471CF42FE0AA3C4123A8F30667315541A4914B3AE0AA3C4136118BFC66315541DD03F840E0AA3C41A0EEF2F166315541AF72EC43E0AA3C4167E43FE7663155410F1C2343E0AA3C4116CB86DC6631554192889D3EE0AA3C41F486DCD1663155413E876436E0AA3C417BDF55C7663155419B1D882AE0AA3C41AC5607BD6631554123671F1BE0AA3C413C0105B366315541D1694808E0AA3C41665F62A9663155410FDA27F2DFAA3C41EA3632A0663155413FD4E8D8DFAA3C41846E8697663155415C88BCBCDFAA3C411FEB6F8F663155417CDAD99DDFAA3C41A66EFE8766315541F7F67C7CDFAA3C41A37940816631554146DEE658DFAA3C41C92E437B66315541DFE55C33DFAA3C416939127666315541CC30280CDFAA3C41BBB6B771663155416A483FF5DEAA3C413D37A16F66315541D73B928FDEAA3C415528FB6966315541'),
       (2052, 4, 1, 5, 1001, 104, 1004, 10002, '010300002091080000010000000500000069DC4036B2AA3C41CD2428BB75315541F1170EADB4AA3C41848EA90D763155414548DD87B6AA3C414D8DC62A75315541BD0C1011B4AA3C41A12345D87431554169DC4036B2AA3C41CD2428BB75315541'),
       (2053, 4, 1, 5, 1001, 104, 1004, 10002, '010300002091080000010000000B0000004392F68AC0AA3C41E031DB477331554197EC8EEAC4AA3C41A8BFC5D97331554120C4DFC6C2AA3C4182A36AE0743155410551B5D8C6AA3C41E6BF326875315541913D4AADD6AA3C415C50C4D06D3155415C64AF6CCEAA3C41EFA46EBD6C31554150196253C7AA3C41F12AED24703155414413AC5AC8AA3C4176A13D477031554110B50AC7C2AA3C4189CFDDF37231554117ADED8EC1AA3C41465A30CB723155414392F68AC0AA3C41E031DB4773315541'),
       (2054, 4, 1, 5, 1001, 104, 1004, 10002, '0103000020910800000100000009000000A7DA3CB2C0AA3C417DBD8E666731554157F4A090D0AA3C41CDA34D7667315541EB360BB6D0AA3C419431FC1A653155410BEF729AC9AA3C4148B4EE13653155410E03C8A0C9AA3C41A0D2D2AD643155411E356885C7AA3C4136A1BBAB643155418CDB687FC7AA3C41B426710C65315541ACD7FCD7C0AA3C411AEFD60565315541A7DA3CB2C0AA3C417DBD8E6667315541'),
       (2055, 4, 1, 5, 1001, 104, 1004, 10002, '010300002091080000010000001400000000E3F8BAD7AA3C4132EEA1FC6831554100E3F8BAD7AA3C414AFD6739683155419744AC98D8AA3C414AFD6739683155419744AC98D8AA3C419EE2C0C76731554152CD51E5D7AA3C419EE2C0C76731554152CD51E5D7AA3C411077F3906731554103541F5CDBAA3C411077F39067315541C44D9972DBAA3C4116BFCC4A6431554158B0A620D1AA3C414CCB824664315541B4F9EA06D1AA3C417C5C3E2165315541DDF6F375D7AA3C4168A7AE2465315541F3C3AD81D7AA3C410496D86B67315541601E95D1D3AA3C410496D86B67315541601E95D1D3AA3C4132EEA1FC68315541B7A8A205D3AA3C4145CD80FF68315541B7A8A205D3AA3C41910851AE693155414039E195D1AA3C41910851AE693155414039E195D1AA3C41F846DFF76A31554100E3F8BAD7AA3C41F846DFF76A31554100E3F8BAD7AA3C4132EEA1FC68315541'),
       (2056, 4, 1, 5, 1001, 104, 1004, 10002, '010300002091080000010000000B000000C8A30A59C2AA3C41A2AB1BE66A315541C8A30A59C2AA3C41A81A3F2B6A315541E4A70E48BBAA3C41A81A3F2B6A315541E4A70E48BBAA3C416FB95D8269315541A027D0BAB5AA3C416FB95D8269315541A027D0BAB5AA3C41778905346A31554163292F4AB6AA3C41778905346A31554163292F4AB6AA3C41013408776A315541473A6630B8AA3C41013408776A315541473A6630B8AA3C4149758FE26A315541C8A30A59C2AA3C41A2AB1BE66A315541'),
       (2057, 4, 1, 5, 1001, 104, 1004, 10002, '0103000020910800000100000005000000E5ABB0916BAA3C41F4D64743F9305541D01AC7DC76AA3C417FF3BFC6F9305541D919DC1378AA3C419454C868F8305541711076E16CAA3C41D6C589C9F7305541E5ABB0916BAA3C41F4D64743F9305541'),
       (2058, 4, 1, 5, 1001, 104, 1004, 10002, '01030000209108000001000000070000003CF406C666AA3C410F6E24DEE83055414D3BDF6D6CAA3C413314F41FE9305541A9289CA56CAA3C41D44D50D3E830554150256FC676AA3C414F592B49E9305541C44E5A8678AA3C414D0048E1E63055410E0BAFBD68AA3C41AE4E9D29E63055413CF406C666AA3C410F6E24DEE8305541'),
       (2059, 4, 1, 5, 1001, 104, 1004, 10002, '010300002091080000010000002A0000005A9F961958AA3C41192CFEDBE6305541E8AC19A060AA3C4185DBEB44E73055410E6613DB60AA3C413AD140F8E63055419DA810F660AA3C412BC735F4E6305541B9513B1061AA3C41608ED7EFE6305541D95E832961AA3C4108D328EBE63055411858D94161AA3C4192722CE6E6305541B0592E5961AA3C41F079E5E0E6305541131D746F61AA3C41B82357DBE6305541A9019D8461AA3C412AD684D5E630554126159C9861AA3C411B2172CFE6305541761B65AB61AA3C41C8BB22C9E63055413796ECBC61AA3C4191829AC2E6305541C7CB27CD61AA3C419A74DDBBE6305541CCCD0CDC61AA3C415AB1EFB4E6305541507F92E961AA3C411576D5ADE63055414D9AB0F561AA3C41451B93A6E6305541C1B45F0062AA3C41F1112D9FE63055413845990962AA3C41F3E0A797E6305541C7A6571162AA3C4137220890E6305541871C961762AA3C41E77F5288E630554174D4501C62AA3C4191B18B80E6305541C9E9841F62AA3C414779B878E6305541C266302162AA3C41B1A0DD70E6305541D245522162AA3C4122F6FF68E63055413F72EA1F62AA3C41A7492461E630554131C8F91C62AA3C41166A4F59E63055412B14821862AA3C411B228651E6305541F311861262AA3C414935CD49E6305541E36A090B62AA3C41325D2942E6305541ACB3100262AA3C4183469F3AE63055418969A1F761AA3C41278E3333E6305541E6EEC1EB61AA3C4172BEEA2BE6305541728779DE61AA3C415E4CC924E6305541B353D0CF61AA3C41D094D31DE6305541094CCFBF61AA3C41E8D90D17E6305541333B80AE61AA3C416E407C10E630554151B8ED9B61AA3C4141CD220AE6305541976AD04362AA3C41D7EFC157E530554177B0549359AA3C41906B52F9E43055415457633F59AA3C411DA2A4FFE53055415A9F961958AA3C41192CFEDBE6305541'),
       (2060, 4, 1, 5, 1001, 104, 1004, 10002, '0103000020910800000100000006000000B4D7745064AA3C4154E533F4E9305541BA1FA82A63AA3C41DF776C8DEB3055415E4DF81967AA3C4128CE68A2EB3055413DBB2B3A6BAA3C41EB531ED9EB3055418EDF0D596CAA3C419C69A352EA305541B4D7745064AA3C4154E533F4E9305541'),
       (2061, 4, 1, 5, 1001, 104, 1004, 10002, '01030000209108000001000000080000004A2D2BB16BAA3C412358C27EEC3055412A7DF79372AA3C41228635C8EC305541409DC4FC6DAA3C41B260A13BED3055415DAE82766FAA3C41D143EC6BEE305541D6999D5F75AA3C4140CCF7FBED3055411FDDF1C377AA3C41E5BFA1D0EA305541FAEAE1546DAA3C419B69A352EA3055414A2D2BB16BAA3C412358C27EEC305541'),
       (2062, 4, 1, 5, 1001, 104, 1004, 10002, '010300002091080000010000000500000067062E4E5DAA3C4119C24EF2F1305541B8A8FB1264AA3C41BEC70F40F2305541B460C83865AA3C413435D7A6F030554162BEFA735EAA3C418F2F1659F030554167062E4E5DAA3C4119C24EF2F1305541'),
       (2063, 4, 1, 5, 1001, 104, 1004, 10002, '010300002091080000010000000800000032EEF9ED69AA3C41C8AD78DFF33055419DA28B2072AA3C41C8AD78DFF33055411914202575AA3C4140621A34F43055419068E70E75AA3C41A186CCFFF430554150780CB179AA3C413FE3E207F5305541A6A0510D7AAA3C41339C13BAF13055410CF1EE2C6AAA3C41F7685D9EF130554132EEF9ED69AA3C41C8AD78DFF3305541'),
       (2064, 4, 1, 5, 1001, 104, 1004, 10002, '010300002091080000010000000500000089D900816FAA3C412664B9B8F6305541E208A7D177AA3C41DF5D7DD5F63055410662982578AA3C419D214151F5305541AC32F2D46FAA3C41E4277D34F530554189D900816FAA3C412664B9B8F6305541'),
       (2065, 4, 1, 5, 1001, 104, 1004, 10002, '0103000020910800000100000005000000B81383CD8CAA3C416DA4D8C3E630554170DE367C85AA3C419DFECD87E63055415F22441085AA3C4130BA4D5AE7305541A05790618CAA3C41FF5F5896E7305541B81383CD8CAA3C416DA4D8C3E6305541'),
       (2066, 4, 1, 5, 1001, 104, 1004, 10002, '0103000020910800000100000005000000ED892AA580AA3C411CF24FDAEA3055412EDD31EE7FAA3C41B82AEAD2EB30554146141D1189AA3C415746813EEC305541FEC015C889AA3C41BA0DE745EB305541ED892AA580AA3C411CF24FDAEA305541'),
       (2067, 4, 1, 5, 1001, 104, 1004, 10002, '01030000209108000001000000140000004D1841B68DAA3C412D4F8EBEEA3055411A557EDA9FAA3C41B4A4179DEB3055416AEC91DBA0AA3C416A72C64DEA305541CFEDA16DA4AA3C4149DD1694EB305541DE11BA07ABAA3C4184F2C66CEA305541CB667A6AA6AA3C413C1057CFE8305541A53B0897A5AA3C41DC2919F5E830554116D58ADFA4AA3C41AB79E0B4E83055418D13BAA3A1AA3C411977B348E9305541C34B4610A2AA3C41C1F31DBBE8305541688C4F6499AA3C41EF64BE50E83055418C988F8D99AA3C41D169F01AE83055410EE5414597AA3C41F2F4F0FEE7305541D345971F97AA3C41A2481230E83055410A739BF094AA3C41CC6A4915E83055418EB1151195AA3C419DBEECEAE73055414C5FE9FA91AA3C4145F40FC5E7305541945560CE91AA3C4101DE26FFE7305541F4B48FE38FAA3C417B34A2E7E73055414D1841B68DAA3C412D4F8EBEEA305541'),
       (2068, 4, 1, 5, 1001, 104, 1004, 10002, '0103000020910800000100000009000000CCC64C9398AA3C417836DC4BE4305541F0C044B197AA3C419CF35811E73055415D86AB55A5AA3C4156EDE256E7305541C8EB1C3BA6AA3C4145C4B086E4305541B350E395A1AA3C4157E0026FE4305541BB325DAFA1AA3C4117690B1FE43055415FE079739FAA3C41D44CA813E4305541C99E96569FAA3C410230556EE4305541CCC64C9398AA3C417836DC4BE4305541'),
       (2069, 4, 1, 5, 1001, 104, 1004, 10002, '010300002091080000010000000B000000299021D7CDAA3C410391E34DED305541810273C9CDAA3C4185D9D58AED305541C72FD3DDC5AA3C4146F4626EED305541ED0DA679C5AA3C41825CA02CEF305541CE9CAA9FCCAA3C418E7C4D46EF305541D3D0B878CCAA3C414266C8F3EF3055410C80D3B6CFAA3C4191FF6DFFEF305541DE7C6E9ECFAA3C41A5B0186CF030554106215E05DEAA3C410390D39FF0305541AC9F90B6DEAA3C417F447E8AED305541299021D7CDAA3C410391E34DED305541'),
       (2070, 4, 1, 5, 1001, 104, 1004, 10002, '0103000020910800000100000005000000B451778D6AAA3C4139DE4BB8FA3055412212801A6AAA3C411A6AE76AFB30554164E604B16FAA3C414F1D74A4FB305541F125FC2370AA3C416E91D8F1FA305541B451778D6AAA3C4139DE4BB8FA305541'),
       (2071, 4, 1, 5, 1001, 104, 1004, 10002, '010300002091080000010000000D0000005162D19AAAAA3C41B613FEBDFD305541067E8508BFAA3C4162E4A7D2FC305541AA59B77FBDAA3C4159CE17B1FA305541C0374A0FB8AA3C41978EC0EFFA3055416EA04EEAB7AA3C41FD1F63BCFA305541D40AFDBFB2AA3C417B3CE4F7FA3055410B35E1EAB2AA3C4113777633FB305541E093CAD6B0AA3C419B1F684BFB305541891DD6A8B0AA3C41AE97940BFB305541AD830FE4ADAA3C4185B0792BFB3055411558AA1CAEAA3C418BD7177AFB305541F52E9222A9AA3C41C0686DB3FB3055415162D19AAAAA3C41B613FEBDFD305541'),
       (2072, 4, 1, 5, 1001, 104, 1004, 10002, '0103000020910800000100000005000000416383ACCEAA3C41880A8770FD305541F829D13CD0AA3C41D5D80882FB30554126D7B407C4AA3C413639EBE3FA30554178106777C2AA3C41EA6A69D2FC305541416383ACCEAA3C41880A8770FD305541'),
       (2073, 4, 1, 5, 1001, 104, 1004, 10002, '010300002091080000010000000F000000B6BC47B79EAA3C41B3C92DC6F23055419C42F163A3AA3C41ABB9D600F330554177AA1FD8A2AA3C41E38E1BB3F3305541E6893995A7AA3C4185C992EEF3305541BFA65B2FA7AA3C41FB177470F43055410EC7C996AFAA3C41E06EEAD9F4305541090D0FFCAFAA3C4199B5CB58F4305541C88C1D37B1AA3C417B5C3D68F430554127CABC59B2AA3C419E54B2F5F230554147489C29B8AA3C419FADA13EF3305541A56A46A7B9AA3C41645B0258F130554131D61C47B1AA3C418238E7EEF0305541974053DBB0AA3C417C0A5578F13055418B515D5FA0AA3C41F1AB78A9F0305541B6BC47B79EAA3C41B3C92DC6F2305541'),
       (2074, 4, 1, 5, 1001, 104, 1004, 10002, '01030000209108000001000000090000004F7A0712BAAA3C41D8CC3225F63055417E3715B1BEAA3C411F913767F6305541A3843D47BEAA3C41D9BFC2DDF630554113AF652BC2AA3C41EE8F5915F7305541A84798E6C3AA3C4154EFF724F5305541300A77C3BFAA3C412F82DDE9F43055419D4FAC1AC0AA3C4175343188F430554161A597BABBAA3C413E0DB049F43055414F7A0712BAAA3C41D8CC3225F6305541'),
       (2075, 4, 1, 5, 1001, 104, 1004, 10002, '0103000020910800000100000005000000277514B698AA3C41AD4E4E92F2305541F2A0DBC497AA3C41CD85CDB9F3305541E3F54DB09AAA3C413117F0DFF330554111CA86A19BAA3C4113E070B8F2305541277514B698AA3C41AD4E4E92F2305541'),
       (2076, 4, 1, 5, 1001, 104, 1004, 10002, '0103000020910800000100000005000000B21A488F84AA3C41FEA57A5CE8305541F8139C598AAA3C41686DB5A1E8305541255D09E48AAA3C41260076E8E7305541EC63B51985AA3C41BA383BA3E7305541B21A488F84AA3C41FEA57A5CE8305541'),
       (2077, 4, 1, 5, 1001, 104, 1004, 10002, '01030000209108000001000000050000007AB499FB7EAA3C4153EDCF85E53055410C82166E7EAA3C411C47BC6DE6305541B840FA6982AA3C41962AA194E630554126737DF782AA3C41CDD0B4ACE53055417AB499FB7EAA3C4153EDCF85E5305541'),
       (2078, 4, 1, 5, 1001, 104, 1004, 10002, '01030000209108000001000000130000007A3E502BB0AA3C414EF5308CEC3055412E6FA1F5A9AA3C412A716242EC30554118A075DFA8AA3C41107ED8B8ED305541FE239D9BB3AA3C411A457038EE305541AC93FED6B3AA3C4155CC80E8ED3055417FAE5269B5AA3C419CC22EFBED30554103FBD3C2B3AA3C41EE02ED33F03055418CF17DF7BAAA3C41E5289289F03055415E63BB19BCAA3C410CFCDC02EF305541650AB359BDAA3C418B06B811EF305541C21FCF5DBEAA3C41933892B3ED3055419E6CA83DBDAA3C41AA5631A6ED30554179458EA0BDAA3C410E9F0F21ED30554181CCD49BB9AA3C41EB7E4CF1EC3055415F45ADDFB9AA3C412FDCF795EC30554149C33259B7AA3C413400F477EC3055417C26BB1CB8AA3C41FC66BC70EB305541AF67A73AB1AA3C4161DBEC1EEB3055417A3E502BB0AA3C414EF5308CEC305541'),
       (2079, 4, 1, 5, 1001, 104, 1004, 10002, '0103000020910800000100000005000000BE6EBAE084AA3C4134544689E8305541D22D756584AA3C418D352E42E930554171B1C2BD89AA3C416070317BE930554154F207398AAA3C41058F49C2E8305541BE6EBAE084AA3C4134544689E8305541'),
       (2080, 4, 1, 5, 1001, 104, 1004, 10002, '01030000209108000001000000050000009E0256B698AA3C41731E686C0D3155419E0256B698AA3C416C06D6780631554122599123B2AA3C416C06D6780631554122599123B2AA3C410082DB4F0D3155419E0256B698AA3C41731E686C0D315541'),
       (2081, 4, 1, 5, 1001, 104, 1004, 10002, '01030000209108000001000000050000001234C7B9C4AA3C41D7BF4FBC113155411234C7B9C4AA3C41B8A7DAC6083155419035F7D7E4AA3C41B8A7DAC6083155419035F7D7E4AA3C41D7BF4FBC113155411234C7B9C4AA3C41D7BF4FBC11315541'),
       (2082, 4, 1, 5, 1001, 104, 1004, 10002, '0103000020910800000100000009000000AEBFFF0769AA3C41B34A1E6A1031554186B0EAAD75AA3C41E72AD21A0F315541B62F1BEB7AAA3C41B16E57F10B31554186B0EAAD75AA3C417BB2DCC708315541AEBFFF0769AA3C41AF92907807315541D6CE14625CAA3C417BB2DCC708315541A64FE42457AA3C41B16E57F10B315541D6CE14625CAA3C41E72AD21A0F315541AEBFFF0769AA3C41B34A1E6A10315541'),
       (2083, 4, 1, 5, 1001, 104, 1004, 10002, '0103000020910800000100000008000000563924FAC5AA3C418482C8B47B315541F27F9F02C5AA3C41EDB780FB7B315541F504FA80C7AA3C41088524877C31554162631FD1C9AA3C417F45F5DD7B31554104EF8BE9C5AA3C41D45D8D207B3155413E46E0C6B1AA3C41FD79F7637A315541255CDE77B1AA3C418714F0EA7A315541563924FAC5AA3C418482C8B47B315541'),
       (2084, 4, 1, 5, 1001, 104, 1004, 10002, '010300002091080000010000000500000027683A58AFAA3C41D9360E0D75315541BAB9883AB1AA3C41BFE8935675315541589B5972B2AA3C4134B5BBD674315541025B159AB0AA3C419DCABD8E7431554127683A58AFAA3C41D9360E0D75315541'),
       (2085, 4, 1, 5, 1001, 104, 1004, 10002, '010300002091080000010000000F000000EA6AF74BFFAA3C412D7A2AA145315541161BDFDC04AB3C4150AE11CC45315541827BD6B504AB3C41E46D501B463155414912B7E309AB3C4165CE214446315541B3F69C1509AB3C4159FB8DE647315541BCE2B42F0EAB3C41AF70C30E483155417DE7227B0EAB3C41EFC5A0754731554173EA721B14AB3C41B606F8A147315541647B9B8F15AB3C417B4A6CAE44315541FA6E5BE908AB3C41E44DBB4A4431554183A0B1C308AB3C4175D53197443155419DBFBE4705AB3C41FF4ABC7B443155412BCFD85A05AB3C416CA0F454443155414530530400AB3C41CAECE22A44315541EA6AF74BFFAA3C412D7A2AA145315541'),
       (2086, 4, 1, 5, 1001, 104, 1004, 10002, '01030000209108000001000000050000007247DF41F8AA3C41F98D2A62433155414BCF8F0A0CAB3C417580534844315541F435078E0FAB3C4115C8ED673F3155411D02E1C3FBAA3C410B77CB833E3155417247DF41F8AA3C41F98D2A6243315541'),
       (2087, 4, 1, 5, 1001, 104, 1004, 10002, '010300002091080000010000000700000009EF471603AB3C41AC40560F34315541B587C6A9FBAA3C41852CA7483E31554117566A350FAB3C41CF58172C3F315541E1CB9BE612AB3C41053725473A315541F7CC519A26AB3C4165AB672C3B3155416CFC67792AAB3C41F229A9D93531554109EF471603AB3C41AC40560F34315541'),
       (2088, 4, 1, 5, 1001, 104, 1004, 10002, '010300002091080000010000000E000000B587C6A9FBAA3C41852CA7483E31554109EF471603AB3C41AC40560F343155417341A06403AB3C415BCF9CA333315541C4B59BBBF8AA3C4191F7902733315541DAA75155F5AA3C41DACA36D437315541504C12BDF8AA3C4152D2D6FB3731554172497B78F7AA3C414C7626BA39315541706A2566F5AA3C4141490BA239315541ECC17CA6F4AA3C41F53093A93A31554184FE76CCF6AA3C41E4ED92C23A3155412229DC70F5AA3C4151D387A03C31554126B57256F2AA3C4169C26B7C3C31554183D3D65EF1AA3C41AF18E2D03D315541B587C6A9FBAA3C41852CA7483E315541');
