/*

Scenarios included:

1500001 | Building outline changed
1500002 | Building / building outline removed

1500003 | Name added to building
1500004 | Use added to building
1500005 | Name and use added on the same date
1500006 | Name and use added on different dates

1500007 | Name added and removed
1500008 | Use added and removed
1500009 | Name and use added then removed on same date
1500010 | Name added, use added, use removed, name removed
1500011 | Use added, name added, name removed, use removed
1500012 | Name added, use added, name removed, use removed
1500013 | Use added, name added, use removed, name removed

1500014 | Name added then changed
1500015 | Use added then changed
1500016 | Name added and removed then a different name added
1500017 | Use added and removed then a different use added

1500018 | Building with no name or use, never changed

1500019 | Building created with a name
1500020 | Building created with a name which was then removed

1500021 | Building created with a use
1500022 | Building created with a use which was then removed

*/

-- Add Buildings to Test Published Data

INSERT INTO buildings.buildings(building_id, begin_lifespan, end_lifespan) 
VALUES (1500001, '2017-01-01 09:00:00 GMT+12', NULL),
       (1500002, '2017-01-02 09:00:00 GMT+12', '2018-01-02 09:00:00 GMT+12'),
       (1500003, '2017-01-03 09:00:00 GMT+12', NULL),
       (1500004, '2017-01-04 09:00:00 GMT+12', NULL),
       (1500005, '2017-01-05 09:00:00 GMT+12', NULL),
       (1500006, '2017-01-06 09:00:00 GMT+12', NULL),
       (1500007, '2017-01-07 09:00:00 GMT+12', NULL),
       (1500008, '2017-01-08 09:00:00 GMT+12', NULL),
       (1500009, '2017-01-09 09:00:00 GMT+12', NULL),
       (1500010, '2017-01-10 09:00:00 GMT+12', NULL),
       (1500011, '2017-01-11 09:00:00 GMT+12', NULL),
       (1500012, '2017-01-12 09:00:00 GMT+12', NULL),
       (1500013, '2017-01-13 09:00:00 GMT+12', NULL),
       (1500014, '2017-01-14 09:00:00 GMT+12', NULL),
       (1500015, '2017-01-15 09:00:00 GMT+12', NULL),
       (1500016, '2017-01-16 09:00:00 GMT+12', NULL),
       (1500017, '2017-01-17 09:00:00 GMT+12', NULL),
       (1500018, '2017-01-18 09:00:00 GMT+12', NULL),
       (1500019, '2017-01-19 09:00:00 GMT+12', NULL),
       (1500020, '2017-01-20 09:00:00 GMT+12', '2018-01-20 09:00:00 GMT+12'),
       (1500021, '2017-01-21 09:00:00 GMT+12', NULL),
       (1500022, '2017-01-22 09:00:00 GMT+12', '2018-01-22 09:00:00 GMT+12');

-- Building Outlines

INSERT INTO buildings.building_outlines (building_outline_id, building_id, capture_method_id, capture_source_id, lifecycle_stage_id, suburb_locality_id, town_city_id, territorial_authority_id, begin_lifespan, end_lifespan, shape)
VALUES (1500001, 1500001, 5, 1, 1, 2, 100, 1, '2017-01-01 09:00:00 GMT+12', '2018-01-01 09:00:00 GMT+12', '01030000209108000001000000050000002F9EEE1D40A83C4111B98E242131554135FAC7385AA83C416C3970282131554135FAC7385AA83C413B8099EB1B315541309EEE1D40A83C41877FD6E31B3155412F9EEE1D40A83C4111B98E2421315541'),
       (1600001, 1500001, 5, 1, 1, 2, 100, 1, '2018-01-01 09:00:00 GMT+12', NULL, '01030000209108000001000000070000001A70C8616AA83C412ABBD73B21315541CBED31F185A83C41D13AF6372131554132EFB70086A83C41CBCEE9501F315541E6EF7A0886A83C41E02EC1EF1D315541E6EF7A0886A83C41B33FC7E51B3155417C6AB0236AA83C410DC0A8E91B3155411A70C8616AA83C412ABBD73B21315541'),
       (1500002, 1500002, 5, 1, 1, 2, 100, 1, '2017-01-02 09:00:00 GMT+12', '2018-01-02 09:00:00 GMT+12', '01030000209108000001000000070000001A70C8616AA83C412ABBD73B21315541CBED31F185A83C41D13AF6372131554132EFB70086A83C41CBCEE9501F315541E6EF7A0886A83C41E02EC1EF1D315541E6EF7A0886A83C41B33FC7E51B3155417C6AB0236AA83C410DC0A8E91B3155411A70C8616AA83C412ABBD73B21315541'),
       (1500003, 1500003, 5, 1, 1, 1, 100, 1, '2017-01-03 09:00:00 GMT+12', NULL, '010300002091080000010000000E0000007FE51DB69BA83C41336B438B203155417FE51DB69BA83C412DF8DA1A2131554162026916B3A83C410DB98E242131554115032C1EB3A83C417B63E2352031554149A9AB3CAFA83C417B63E23520315541B0AA314CAFA83C41E12EE2511F315541E205383DB3A83C41C9CEE9501F31554159886258B3A83C411AA6BB8E1D3155419C5812C0ABA83C415CC6A4911D3155419C5812C0ABA83C41FC0143C31E315541A9E76EDEA6A83C4129C233C51E3155414F678DDAA6A83C4173269D921D31554118E497A69BA83C4173269D921D3155417FE51DB69BA83C41336B438B20315541'),
       (1500004, 1500004, 5, 1, 1, 1, 100, 1, '2017-01-04 09:00:00 GMT+12', NULL, '01030000209108000001000000050000005DC36E06CCA83C419A9BB14021315541E5C6C1B5D1A83C41999BB14021315541FEC80ACDD1A83C4187E4447D1D315541D1459921CCA83C415924547B1D3155415DC36E06CCA83C419A9BB14021315541'),
       (1500005, 1500005, 5, 1, 1, 1, 100, 1, '2017-01-05 09:00:00 GMT+12', NULL, '010300002091080000010000000B00000056A6B8592EA93C414D01044424315541ABB8964545A93C41F380224024315541ACB8964545A93C41C96261F222315541AF0310733DA93C4123E342F622315541AF0310733DA93C41483089C320315541A70F0B0849A93C41EEAFA7BF20315541400E85F848A93C418E8D54431F315541E407A2A13DA93C41E70D36471F315541E407A2A13DA93C4125C2F1001C31554156A6B8592EA93C4117414DF51B31554156A6B8592EA93C414D01044424315541'),
       (1500006, 1500006, 5, 1, 1, 2, 100, 1, '2017-01-06 09:00:00 GMT+12', NULL, '01030000209108000001000000090000006C7CBADC0CA83C4121486FCB21315541CD4560A120A83C41BA46E9BB21315541FE42548220A83C410146A22B1C3155413A7FC6FB0CA83C410FC746371C315541D37D40EC0CA83C418071DC0C1E315541ADAF5D241AA83C41CB7019051E315541ADAF5D241AA83C412420041120315541D37D40EC0CA83C4180A0E514203155416C7CBADC0CA83C4121486FCB21315541'),
       (1500007, 1500007, 5, 1, 1, 2, 100, 1, '2017-01-07 09:00:00 GMT+12', NULL, '010300002091080000010000000500000030D8209A95A83C419573A19B183155412D1AC384A3A83C419373A19B18315541471C0C9CA3A83C41C3A6B8491531554130D8209A95A83C411F279A4D1531554130D8209A95A83C419573A19B18315541'),
       (1500008, 1500008, 5, 1, 1, 3, 100, 1, '2017-01-08 09:00:00 GMT+12', NULL, '01030000209108000001000000050000006BE8B56EACA83C412D721B8C1831554117247D13BAA83C4179715884183155413326C62ABAA83C41FEE74D57153155416AE8B56EACA83C418428205D153155416BE8B56EACA83C412D721B8C18315541'),
       (1500009, 1500009, 5, 1, 1, 2, 100, 1, '2017-01-09 09:00:00 GMT+12', NULL, '0103000020910800000100000005000000307A0E8A91A83C4140EE208C0A315541307A0E8A91A83C4108700C28103155412178CD839CA83C4161F0ED2B10315541567C5FB29CA83C4141EE208C0A315541307A0E8A91A83C4140EE208C0A315541'),
       (1500010, 1500010, 5, 1, 1, 2, 100, 1, '2017-01-10 09:00:00 GMT+12', NULL, '0103000020910800000100000005000000977B949991A83C418128DE981231554159CA0443C1A83C41CD271B911231554127CD1062C1A83C415976E76D10315541307A0E8A91A83C41B1F6C87110315541977B949991A83C418128DE9812315541'),
       (1500011, 1500011, 5, 1, 1, 3, 100, 1, '2017-01-11 09:00:00 GMT+12', NULL, '01030000209108000001000000050000006FDA81E4B6A83C41556F4920103155415ED1A290C1A83C41FBEE671C1031554161D840DEC1A83C410370889F0A315541D6DB07F4B6A83C415CF069A30A3155416FDA81E4B6A83C41556F492010315541'),
       (1500012, 1500012, 5, 1, 1, 2, 100, 1, '2017-01-12 09:00:00 GMT+12', NULL, '01030000209108000001000000050000005475C1649CA83C41201B5DF406315541BC907EA4A8A83C416D1A9AEC06315541589696E2A8A83C41A998F01404315541A074FE5C9CA83C412FD9C21A043155415475C1649CA83C41201B5DF406315541'),
       (1500013, 1500013, 5, 1, 1, 3, 100, 1, '2017-01-13 09:00:00 GMT+12', NULL, '010300002091080000010000000500000001E09111ACA83C416B1A9AEC0631554127E2E239B7A83C4199DA8AEE063155415DE67468B7A83C41D558E11604315541B5E05419ACA83C414F180F110431554101E09111ACA83C416B1A9AEC06315541'),
       (1500014, 1500014, 5, 1, 1, 2, 100, 1, '2017-01-14 09:00:00 GMT+12', NULL, '01030000209108000001000000050000004F6E23179CA83C41B2485C6403315541229204B4A8A83C4166491F6C0331554189938AC3A8A83C41CB4A63B7003155416A706C2E9CA83C41164AA0AF003155414F6E23179CA83C41B2485C6403315541'),
       (1500015, 1500015, 5, 1, 1, 3, 100, 1, '2017-01-15 09:00:00 GMT+12', NULL, '0103000020910800000100000005000000CFE29D30ACA83C41A08AB479033155419BF84232B8A83C41CD4AA57B033155411CFC1159B8A83C413689ECA500315541E9E4E647ACA83C410AC9FBA300315541CFE29D30ACA83C41A08AB47903315541'),
       (1500016, 1500016, 5, 1, 1, 2, 100, 1, '2017-01-16 09:00:00 GMT+12', NULL, '01030000209108000001000000050000002FEDF2718BA83C417EB010D0FC30554115D6D78295A83C4124302FCCFC30554131D8209A95A83C413E9E0042F930554115EBA95A8BA83C41311D5C36F93055412FEDF2718BA83C417EB010D0FC305541'),
       (1500017, 1500017, 5, 1, 1, 2, 100, 1, '2017-01-17 09:00:00 GMT+12', NULL, '0103000020910800000100000005000000E436F6B199A83C41CAAF4DC8FC305541D1FE0D56A2A83C41712F6CC4FC3055412105E99BA2A83C41C5DED247F9305541653AC5D899A83C41971EE245F9305541E436F6B199A83C41CAAF4DC8FC305541'),
       (1500018, 1500018, 5, 1, 1, 3, 100, 1, '2017-01-18 09:00:00 GMT+12', NULL, '0103000020910800000100000005000000FF817F01A8A83C41446F7BC2FC3055411361BAA5B1A83C4163AEC7B8FC305541FC650FDCB1A83C411E5FB44BF930554166830511A8A83C41F19EC349F9305541FF817F01A8A83C41446F7BC2FC305541'),
       (1500019, 1500019, 5, 1, 1, 3, 100, 1, '2017-01-19 09:00:00 GMT+12', NULL, '01030000209108000001000000050000001ED4A69EB6A83C4164AEC7B8FC3055418E9F8D69BFA83C4163AEC7B8FC3055417BAB80EDBFA83C414B1FA54DF930554170DA81E4B6A83C411E5FB44BF93055411ED4A69EB6A83C4164AEC7B8FC305541'),
       (1500020, 1500020, 5, 1, 1, 3, 100, 1, '2017-01-20 09:00:00 GMT+12', '2018-01-20 09:00:00 GMT+12', '010300002091080000010000000500000068158681C4A83C41DD6DF5B2FC30554146F02EF7CDA83C4137EED6B6FC30554165F9155CCEA83C414B1FA54DF9305541E91855A8C4A83C414B1FA54DF930554168158681C4A83C41DD6DF5B2FC305541'),
       (1500021, 1500021, 5, 1, 1, 2, 100, 1, '2017-01-21 09:00:00 GMT+12', NULL, '0103000020910800000100000006000000BEBC5B497EA83C41D6A394F7F330554124BEE1587EA83C4141DBC15CF63055410F0C77C78CA83C41E75AE058F6305541DA07E5988CA83C41E532F115EF30554121B7430B7EA83C41D8B14C0AEF305541BEBC5B497EA83C41D6A394F7F3305541'),
       (1500022, 1500022, 5, 1, 1, 2, 100, 1, '2017-01-22 09:00:00 GMT+12', '2018-01-22 09:00:00 GMT+12', '01030000209108000001000000050000001E28EFFD8DA83C418EDAFE54F630554146C3FE36B1A83C41D892055FF630554159303D24B1A83C4154F67632F33055415025E3DE8DA83C419791C62DF33055411E28EFFD8DA83C418EDAFE54F6305541');

-- Building Name

INSERT INTO buildings.building_name (building_name_id, building_id, building_name, begin_lifespan, end_lifespan)
VALUES (1000001, 1500003, 'Name Added', '2018-01-03 09:00:00 GMT+12', NULL),
       (1000002, 1500005, 'Name and Use Added at Same Time', '2018-01-05 09:00:00 GMT+12', NULL),
       (1000003, 1500006, 'Name and Use Added at Different Time', '2018-01-06 09:00:00 GMT+12', NULL),
       (1000004, 1500007, 'Name Added and Removed', '2018-01-07 09:00:00 GMT+12', '2018-06-07 09:00:00 GMT+12'),
       (1000005, 1500009, 'Name and Use Added and Removed Together', '2018-01-09 09:00:00 GMT+12', '2018-06-09 09:00:00 GMT+12'),
       (1000006, 1500010, 'Name and Use Added and Removed Separately 1', '2018-01-10 09:00:00 GMT+12', '2018-06-10 09:00:00 GMT+12'),
       (1000007, 1500011, 'Name and Use Added and Removed Separately 2', '2018-02-11 09:00:00 GMT+12', '2018-05-11 09:00:00 GMT+12'),
       (1000008, 1500012, 'Name and Use Added and Removed Separately 3', '2018-01-12 09:00:00 GMT+12', '2018-05-12 09:00:00 GMT+12'),
       (1000009, 1500013, 'Name and Use Added and Removed Separately 4', '2018-02-13 09:00:00 GMT+12', '2018-06-13 09:00:00 GMT+12'),
       (1000010, 1500014, 'Name Added then', '2018-01-14 09:00:00 GMT+12', '2018-06-14 09:00:00 GMT+12'),
       (1000011, 1500014, 'Name Changed', '2018-06-14 09:00:00 GMT+12', NULL),
       (1000012, 1500016, 'Name Added and Removed then', '2018-01-16 09:00:00 GMT+12', '2018-05-16 09:00:00 GMT+12'),
       (1000013, 1500016, 'Name Added Again', '2018-06-16 09:00:00 GMT+12', NULL),
       (1000014, 1500019, 'Name Added From Start', '2017-01-19 09:00:00 GMT+12', NULL),
       (1000015, 1500020, 'Name Added From Start then Building Removed', '2017-01-20 09:00:00 GMT+12', '2018-01-20 09:00:00 GMT+12');

-- Building Use

INSERT INTO buildings.building_use (building_use_id, building_id, use_id, begin_lifespan, end_lifespan)
VALUES (1000000, 1500004, 1, '2018-01-04 09:00:00 GMT+12', NULL),
       (1000001, 1500005, 1, '2018-01-05 09:00:00 GMT+12', NULL),
       (1000002, 1500006, 1, '2018-01-06 15:00:00 GMT+12', NULL),
       (1000003, 1500008, 1, '2018-01-08 09:00:00 GMT+12', '2018-06-08 09:00:00 GMT+12'),
       (1000004, 1500009, 1, '2018-01-09 09:00:00 GMT+12', '2018-06-09 09:00:00 GMT+12'),
       (1000005, 1500010, 1, '2018-02-10 09:00:00 GMT+12', '2018-05-10 09:00:00 GMT+12'),
       (1000006, 1500011, 1, '2018-01-11 09:00:00 GMT+12', '2018-06-11 09:00:00 GMT+12'),
       (1000007, 1500012, 1, '2018-02-12 09:00:00 GMT+12', '2018-06-12 09:00:00 GMT+12'),
       (1000008, 1500013, 1, '2018-01-13 09:00:00 GMT+12', '2018-05-13 09:00:00 GMT+12'),
       (1000009, 1500015, 1, '2018-01-15 09:00:00 GMT+12', '2018-06-15 09:00:00 GMT+12'),
       (1000010, 1500015, 2, '2018-06-15 09:00:00 GMT+12', NULL),
       (1000011, 1500017, 1, '2018-01-17 09:00:00 GMT+12', '2018-05-17 09:00:00 GMT+12'),
       (1000012, 1500017, 2, '2018-06-17 09:00:00 GMT+12', NULL),
       (1000013, 1500021, 1, '2017-01-21 09:00:00 GMT+12', NULL),
       (1000014, 1500022, 1, '2017-01-22 09:00:00 GMT+12', '2018-01-22 09:00:00 GMT+12');
